SET IDENTITY_INSERT [dbo].[crop_germplasm_committee] ON 
GO
INSERT [dbo].[crop_germplasm_committee] ([crop_germplasm_committee_id], [crop_germplasm_committee_name], [roster_url], [created_date], [created_by], [modified_date], [modified_by]) VALUES (1, N'Alfalfa', N'https://drive.google.com/open?id=1VLnqifKeMqX66Cbu9TvbNIt0GATV2d9PJKdv2gXIcRk', NULL, NULL, NULL, NULL)
GO
INSERT [dbo].[crop_germplasm_committee] ([crop_germplasm_committee_id], [crop_germplasm_committee_name], [roster_url], [created_date], [created_by], [modified_date], [modified_by]) VALUES (2, N'Apple', N'https://drive.google.com/open?id=1MCZBKld0E5nNJPH2m2RExS-OeKkjjTGjD0AMIyzLwCo', NULL, NULL, NULL, NULL)
GO
INSERT [dbo].[crop_germplasm_committee] ([crop_germplasm_committee_id], [crop_germplasm_committee_name], [roster_url], [created_date], [created_by], [modified_date], [modified_by]) VALUES (3, N'Barley', N'https://drive.google.com/open?id=1_3CjZbO48N4sY4_vjsOefDp91UgUWjJ123DLulxyFWM', NULL, NULL, NULL, NULL)
GO
INSERT [dbo].[crop_germplasm_committee] ([crop_germplasm_committee_id], [crop_germplasm_committee_name], [roster_url], [created_date], [created_by], [modified_date], [modified_by]) VALUES (4, N'Carya', N'https://drive.google.com/open?id=1q6pmqc2hY8xyg8ZQntrgbWjNhcPhwA2a5aDhOFGfMyQ', NULL, NULL, NULL, NULL)
GO
INSERT [dbo].[crop_germplasm_committee] ([crop_germplasm_committee_id], [crop_germplasm_committee_name], [roster_url], [created_date], [created_by], [modified_date], [modified_by]) VALUES (5, N'Citrus', N'https://drive.google.com/open?id=1qdkgSTuY_TdmJ4cDFIh74NT71KCrrv_JH8q7pqcxKVo', NULL, NULL, NULL, NULL)
GO
INSERT [dbo].[crop_germplasm_committee] ([crop_germplasm_committee_id], [crop_germplasm_committee_name], [roster_url], [created_date], [created_by], [modified_date], [modified_by]) VALUES (6, N'Clover', N'https://drive.google.com/open?id=1aWI9lK8_DOzah6p23QZcE5LUXCEqs_7n7VhoV52ykzs', NULL, NULL, NULL, NULL)
GO
INSERT [dbo].[crop_germplasm_committee] ([crop_germplasm_committee_id], [crop_germplasm_committee_name], [roster_url], [created_date], [created_by], [modified_date], [modified_by]) VALUES (7, N'Cotton', N'https://drive.google.com/open?id=1nrSi7Z7bZoUDf9jxdB-U_AUKvEZwb9yaBAdhIkBHo_A', NULL, NULL, NULL, NULL)
GO
INSERT [dbo].[crop_germplasm_committee] ([crop_germplasm_committee_id], [crop_germplasm_committee_name], [roster_url], [created_date], [created_by], [modified_date], [modified_by]) VALUES (8, N'Crucifer', N'https://drive.google.com/open?id=1GdboBpflgiw6ozw8RM2vwJlbCt4oU4AvmPFAhJ1hPwo', NULL, NULL, NULL, NULL)
GO
INSERT [dbo].[crop_germplasm_committee] ([crop_germplasm_committee_id], [crop_germplasm_committee_name], [roster_url], [created_date], [created_by], [modified_date], [modified_by]) VALUES (9, N'Cucurbit', N'https://drive.google.com/open?id=1Vw9u78lSHx7tWJ5jUsMdtx01W6Ig3taq1KiK8cUBLUM', NULL, NULL, NULL, NULL)
GO
INSERT [dbo].[crop_germplasm_committee] ([crop_germplasm_committee_id], [crop_germplasm_committee_name], [roster_url], [created_date], [created_by], [modified_date], [modified_by]) VALUES (10, N'Date Palm', N'https://docs.google.com/spreadsheets/d/1OksuDaNt0FYjm2_QQ0TVQLgPMQWXeCY3sGlUxLDCgQo', NULL, NULL, NULL, NULL)
GO
INSERT [dbo].[crop_germplasm_committee] ([crop_germplasm_committee_id], [crop_germplasm_committee_name], [roster_url], [created_date], [created_by], [modified_date], [modified_by]) VALUES (11, N'Food Legume', N'https://drive.google.com/open?id=13X015TvfI7rdXKZjcRckz5LpX4Oi0AaJQJXPl9IQj-Q', NULL, NULL, NULL, NULL)
GO
INSERT [dbo].[crop_germplasm_committee] ([crop_germplasm_committee_id], [crop_germplasm_committee_name], [roster_url], [created_date], [created_by], [modified_date], [modified_by]) VALUES (12, N'Forage & Turf Grass', N'https://drive.google.com/open?id=1vT8q4ZYoiA-re_JjYL2EljO_TrjfuClUt87P6xklpx8', NULL, NULL, NULL, NULL)
GO
INSERT [dbo].[crop_germplasm_committee] ([crop_germplasm_committee_id], [crop_germplasm_committee_name], [roster_url], [created_date], [created_by], [modified_date], [modified_by]) VALUES (13, N'Grape', N'https://drive.google.com/open?id=1k3-M0P4mu2r_NoH1aQxWYEioKSn26C0cZyl9IWpBueI', NULL, NULL, NULL, NULL)
GO
INSERT [dbo].[crop_germplasm_committee] ([crop_germplasm_committee_id], [crop_germplasm_committee_name], [roster_url], [created_date], [created_by], [modified_date], [modified_by]) VALUES (14, N'Herbaceous Ornamental', N'https://drive.google.com/open?id=1OWzeRdeiXl4jdPUDgCGW5T1XyTSAuMFUMqmyI4dz4wI', NULL, NULL, NULL, NULL)
GO
INSERT [dbo].[crop_germplasm_committee] ([crop_germplasm_committee_id], [crop_germplasm_committee_name], [roster_url], [created_date], [created_by], [modified_date], [modified_by]) VALUES (15, N'Juglans', N' https://drive.google.com/open?id=14ZE41vLOJHaVWIGFscAZqZPBD7qWlDfBCGEaoX-D4z4', NULL, NULL, NULL, NULL)
GO
INSERT [dbo].[crop_germplasm_committee] ([crop_germplasm_committee_id], [crop_germplasm_committee_name], [roster_url], [created_date], [created_by], [modified_date], [modified_by]) VALUES (16, N'Leafy Vegetable', N'https://drive.google.com/open?id=1YFbGiZk1COso2Gr-FuaBM1aVkt2Irof3iAPuQqeERZs', NULL, NULL, NULL, NULL)
GO
INSERT [dbo].[crop_germplasm_committee] ([crop_germplasm_committee_id], [crop_germplasm_committee_name], [roster_url], [created_date], [created_by], [modified_date], [modified_by]) VALUES (17, N'Maize', N'https://drive.google.com/open?id=1iSGJcgfvB7cQgrsefh2V7Ey3cKMTr0Br3mwZBljXN_Q', NULL, NULL, NULL, NULL)
GO
INSERT [dbo].[crop_germplasm_committee] ([crop_germplasm_committee_id], [crop_germplasm_committee_name], [roster_url], [created_date], [created_by], [modified_date], [modified_by]) VALUES (18, N'Medicinal', N'https://drive.google.com/open?id=1IQf3saNXsNJj9G2r8EnXSzSzX9y5HacGT7CzdZcxR6g', NULL, NULL, NULL, NULL)
GO
INSERT [dbo].[crop_germplasm_committee] ([crop_germplasm_committee_id], [crop_germplasm_committee_name], [roster_url], [created_date], [created_by], [modified_date], [modified_by]) VALUES (19, N'New Crops', N'https://drive.google.com/open?id=1f6YEudGrtaOguGvQoXKQBnt7YFlxvPSPcCRwFioUCyY', NULL, NULL, NULL, NULL)
GO
INSERT [dbo].[crop_germplasm_committee] ([crop_germplasm_committee_id], [crop_germplasm_committee_name], [roster_url], [created_date], [created_by], [modified_date], [modified_by]) VALUES (20, N'Oat', N' https://drive.google.com/open?id=1vsVKgRksRbumflq_nOK4MR04xpcJ6uPKShM4IzqDdxk', NULL, NULL, NULL, NULL)
GO
INSERT [dbo].[crop_germplasm_committee] ([crop_germplasm_committee_id], [crop_germplasm_committee_name], [roster_url], [created_date], [created_by], [modified_date], [modified_by]) VALUES (21, N'Pea', N' https://drive.google.com/open?id=1VTrEYDkBCyX43G6wy3ItN58NuN_ZjHkr2jglRwTyMpQ', NULL, NULL, NULL, NULL)
GO
INSERT [dbo].[crop_germplasm_committee] ([crop_germplasm_committee_id], [crop_germplasm_committee_name], [roster_url], [created_date], [created_by], [modified_date], [modified_by]) VALUES (22, N'Peanut', N' https://drive.google.com/open?id=1me_gWe3w08hO_u3zcrcTCyajZKLgGL05cLoWdO1z0IQ', NULL, NULL, NULL, NULL)
GO
INSERT [dbo].[crop_germplasm_committee] ([crop_germplasm_committee_id], [crop_germplasm_committee_name], [roster_url], [created_date], [created_by], [modified_date], [modified_by]) VALUES (23, N'Peppers', N' https://drive.google.com/open?id=1Ae9INznlK0vs91a_dPnouSiy9KzImpe9xl9oVnkI5EI', NULL, NULL, NULL, NULL)
GO
INSERT [dbo].[crop_germplasm_committee] ([crop_germplasm_committee_id], [crop_germplasm_committee_name], [roster_url], [created_date], [created_by], [modified_date], [modified_by]) VALUES (24, N'Phaseolus', N' https://drive.google.com/open?id=1UXuC8EFmi8HKpxlOW-I9-WPmNYmzPqZ9Xl27_qPeEDw', NULL, NULL, NULL, NULL)
GO
INSERT [dbo].[crop_germplasm_committee] ([crop_germplasm_committee_id], [crop_germplasm_committee_name], [roster_url], [created_date], [created_by], [modified_date], [modified_by]) VALUES (25, N'Potato', N' https://drive.google.com/open?id=1WRVLzMPGf-j5GB_LaeBSY7_2oddGxW7_nvRpNFslPD0', NULL, NULL, NULL, NULL)
GO
INSERT [dbo].[crop_germplasm_committee] ([crop_germplasm_committee_id], [crop_germplasm_committee_name], [roster_url], [created_date], [created_by], [modified_date], [modified_by]) VALUES (26, N'Prunus', N' https://drive.google.com/open?id=100JSuSReIVB-zwfacTFcw2iYxAJP0sLrgMp0akzEkU8', NULL, NULL, NULL, NULL)
GO
INSERT [dbo].[crop_germplasm_committee] ([crop_germplasm_committee_id], [crop_germplasm_committee_name], [roster_url], [created_date], [created_by], [modified_date], [modified_by]) VALUES (27, N'Pyrus', N' https://drive.google.com/open?id=1OYwcNb0wZHs63NMRQRJvTOuwxHE4BMGST7DM3XHMxKA', NULL, NULL, NULL, NULL)
GO
INSERT [dbo].[crop_germplasm_committee] ([crop_germplasm_committee_id], [crop_germplasm_committee_name], [roster_url], [created_date], [created_by], [modified_date], [modified_by]) VALUES (28, N'Rice', N'https://drive.google.com/open?id=1i8JmKF7zBPoJshvkNmNMJKIL1c2q2Bif7Bvb7efAZ3c', NULL, NULL, NULL, NULL)
GO
INSERT [dbo].[crop_germplasm_committee] ([crop_germplasm_committee_id], [crop_germplasm_committee_name], [roster_url], [created_date], [created_by], [modified_date], [modified_by]) VALUES (29, N'Root & Bulb', N' https://drive.google.com/open?id=1iMmnDnn9bw5nMArQ-Rxw8OX4bN3l3rwG3VraFxIKa3A', NULL, NULL, NULL, NULL)
GO
INSERT [dbo].[crop_germplasm_committee] ([crop_germplasm_committee_id], [crop_germplasm_committee_name], [roster_url], [created_date], [created_by], [modified_date], [modified_by]) VALUES (30, N'Small Fruits', N' https://drive.google.com/open?id=1y5jlRkD_sPhAjROulCwBzLprgtcrhX8TpijPB8-MgEA', NULL, NULL, NULL, NULL)
GO
INSERT [dbo].[crop_germplasm_committee] ([crop_germplasm_committee_id], [crop_germplasm_committee_name], [roster_url], [created_date], [created_by], [modified_date], [modified_by]) VALUES (31, N'Sorghum', N' https://drive.google.com/open?id=1K-BW3eABdFeIqdzvnzyy6-5kN8iUgcvh58V_3Mxr4SA', NULL, NULL, NULL, NULL)
GO
INSERT [dbo].[crop_germplasm_committee] ([crop_germplasm_committee_id], [crop_germplasm_committee_name], [roster_url], [created_date], [created_by], [modified_date], [modified_by]) VALUES (32, N'Soybean', N' https://drive.google.com/open?id=1JNXvk_otyi8mN2-t83mK9-BIriuubQGk1fAxg_vY8l4', NULL, NULL, NULL, NULL)
GO
INSERT [dbo].[crop_germplasm_committee] ([crop_germplasm_committee_id], [crop_germplasm_committee_name], [roster_url], [created_date], [created_by], [modified_date], [modified_by]) VALUES (33, N'Specialty Nuts', N' https://drive.google.com/open?id=1rD3f7CaliGPK4hMo-2VjcMHPdU92eDDc9KhC6spkBfg', NULL, NULL, NULL, NULL)
GO
INSERT [dbo].[crop_germplasm_committee] ([crop_germplasm_committee_id], [crop_germplasm_committee_name], [roster_url], [created_date], [created_by], [modified_date], [modified_by]) VALUES (34, N'Sugarbeet', N' https://drive.google.com/open?id=1DybcOftRW88sYJLdT43-0WCvTTKFy4Xyoekf2xWhDiU', NULL, NULL, NULL, NULL)
GO
INSERT [dbo].[crop_germplasm_committee] ([crop_germplasm_committee_id], [crop_germplasm_committee_name], [roster_url], [created_date], [created_by], [modified_date], [modified_by]) VALUES (35, N'Sugarcane', N' https://drive.google.com/open?id=1GrwRvXsbw_B1mc6tIZ8lj20J0ZI4noIRBmnRwYxrPd8', NULL, NULL, NULL, NULL)
GO
INSERT [dbo].[crop_germplasm_committee] ([crop_germplasm_committee_id], [crop_germplasm_committee_name], [roster_url], [created_date], [created_by], [modified_date], [modified_by]) VALUES (36, N'Sunflower', N' https://drive.google.com/open?id=1G5Bi0KHMy93GT312G0QHgI4JX03zqLiCMfiKz39osEg', NULL, NULL, NULL, NULL)
GO
INSERT [dbo].[crop_germplasm_committee] ([crop_germplasm_committee_id], [crop_germplasm_committee_name], [roster_url], [created_date], [created_by], [modified_date], [modified_by]) VALUES (37, N'Sweetpotato', N' https://drive.google.com/open?id=1YQq5hKj1z6VC3ZaISDzYCLwFeomitKD4amqc2ZeoODY', NULL, NULL, NULL, NULL)
GO
INSERT [dbo].[crop_germplasm_committee] ([crop_germplasm_committee_id], [crop_germplasm_committee_name], [roster_url], [created_date], [created_by], [modified_date], [modified_by]) VALUES (38, N'Tobacco', N' https://drive.google.com/open?id=18h4xgRLFynjdPC9quiX_wSb_Tnk2XYhc0qJ2iYZhUH0', NULL, NULL, NULL, NULL)
GO
INSERT [dbo].[crop_germplasm_committee] ([crop_germplasm_committee_id], [crop_germplasm_committee_name], [roster_url], [created_date], [created_by], [modified_date], [modified_by]) VALUES (39, N'Tomato', N'https://drive.google.com/open?id=10TdI7lJabOfosllJgpbbBWGD0hMdhowjmIMOStLcZHo', NULL, NULL, NULL, NULL)
GO
INSERT [dbo].[crop_germplasm_committee] ([crop_germplasm_committee_id], [crop_germplasm_committee_name], [roster_url], [created_date], [created_by], [modified_date], [modified_by]) VALUES (40, N'Tropical Fruit & Nut', N'https://drive.google.com/open?id=1Ok-2drA9mqZsjl5EUsEiQIfVusFe_jArw4sEUb3kclw', NULL, NULL, NULL, NULL)
GO
INSERT [dbo].[crop_germplasm_committee] ([crop_germplasm_committee_id], [crop_germplasm_committee_name], [roster_url], [created_date], [created_by], [modified_date], [modified_by]) VALUES (41, N'Vigna', N'https://drive.google.com/open?id=1diFtzT771Yn9j1r4Q5IrTybA9y2Ot7Tc-_7BPEWO0Io', NULL, NULL, NULL, NULL)
GO
INSERT [dbo].[crop_germplasm_committee] ([crop_germplasm_committee_id], [crop_germplasm_committee_name], [roster_url], [created_date], [created_by], [modified_date], [modified_by]) VALUES (42, N'Wheat', N' https://drive.google.com/open?id=1BPuqioBlR23BKNNJApLzdBB6ma8ox0CU-szYpSoXTvk', NULL, NULL, NULL, NULL)
GO
INSERT [dbo].[crop_germplasm_committee] ([crop_germplasm_committee_id], [crop_germplasm_committee_name], [roster_url], [created_date], [created_by], [modified_date], [modified_by]) VALUES (43, N'Woody Landscape Plant', N' https://drive.google.com/open?id=1wqjkd62HqqqM-emZkUnZw-juMMMYq0OzjWiE7Fyphe0', NULL, NULL, NULL, NULL)
GO
INSERT [dbo].[crop_germplasm_committee] ([crop_germplasm_committee_id], [crop_germplasm_committee_name], [roster_url], [created_date], [created_by], [modified_date], [modified_by]) VALUES (44, N'Coffee and Cacao', N'https://www.ars-grin.gov/npgs/2019_Coffee_Cacao_CGC_Roster.xlsx', CAST(N'2020-02-05T11:04:47.9600000' AS DateTime2), 48, CAST(N'2020-02-05T11:04:47.9600000' AS DateTime2), 48)
GO
SET IDENTITY_INSERT [dbo].[crop_germplasm_committee] OFF
GO
INSERT [dbo].[crop_germplasm_committee_crop_descriptor] ([crop_germplasm_committee_id], [crop_id]) VALUES (1, 68)
GO
INSERT [dbo].[crop_germplasm_committee_crop_descriptor] ([crop_germplasm_committee_id], [crop_id]) VALUES (2, 115)
GO
INSERT [dbo].[crop_germplasm_committee_crop_descriptor] ([crop_germplasm_committee_id], [crop_id]) VALUES (3, 1)
GO
INSERT [dbo].[crop_germplasm_committee_crop_descriptor] ([crop_germplasm_committee_id], [crop_id]) VALUES (5, 112)
GO
INSERT [dbo].[crop_germplasm_committee_crop_descriptor] ([crop_germplasm_committee_id], [crop_id]) VALUES (6, 128)
GO
INSERT [dbo].[crop_germplasm_committee_crop_descriptor] ([crop_germplasm_committee_id], [crop_id]) VALUES (6, 130)
GO
INSERT [dbo].[crop_germplasm_committee_crop_descriptor] ([crop_germplasm_committee_id], [crop_id]) VALUES (6, 135)
GO
INSERT [dbo].[crop_germplasm_committee_crop_descriptor] ([crop_germplasm_committee_id], [crop_id]) VALUES (6, 136)
GO
INSERT [dbo].[crop_germplasm_committee_crop_descriptor] ([crop_germplasm_committee_id], [crop_id]) VALUES (6, 144)
GO
INSERT [dbo].[crop_germplasm_committee_crop_descriptor] ([crop_germplasm_committee_id], [crop_id]) VALUES (6, 147)
GO
INSERT [dbo].[crop_germplasm_committee_crop_descriptor] ([crop_germplasm_committee_id], [crop_id]) VALUES (7, 153)
GO
INSERT [dbo].[crop_germplasm_committee_crop_descriptor] ([crop_germplasm_committee_id], [crop_id]) VALUES (8, 138)
GO
INSERT [dbo].[crop_germplasm_committee_crop_descriptor] ([crop_germplasm_committee_id], [crop_id]) VALUES (9, 29)
GO
INSERT [dbo].[crop_germplasm_committee_crop_descriptor] ([crop_germplasm_committee_id], [crop_id]) VALUES (9, 31)
GO
INSERT [dbo].[crop_germplasm_committee_crop_descriptor] ([crop_germplasm_committee_id], [crop_id]) VALUES (9, 91)
GO
INSERT [dbo].[crop_germplasm_committee_crop_descriptor] ([crop_germplasm_committee_id], [crop_id]) VALUES (9, 123)
GO
INSERT [dbo].[crop_germplasm_committee_crop_descriptor] ([crop_germplasm_committee_id], [crop_id]) VALUES (9, 150)
GO
INSERT [dbo].[crop_germplasm_committee_crop_descriptor] ([crop_germplasm_committee_id], [crop_id]) VALUES (9, 151)
GO
INSERT [dbo].[crop_germplasm_committee_crop_descriptor] ([crop_germplasm_committee_id], [crop_id]) VALUES (11, 54)
GO
INSERT [dbo].[crop_germplasm_committee_crop_descriptor] ([crop_germplasm_committee_id], [crop_id]) VALUES (11, 103)
GO
INSERT [dbo].[crop_germplasm_committee_crop_descriptor] ([crop_germplasm_committee_id], [crop_id]) VALUES (11, 107)
GO
INSERT [dbo].[crop_germplasm_committee_crop_descriptor] ([crop_germplasm_committee_id], [crop_id]) VALUES (11, 142)
GO
INSERT [dbo].[crop_germplasm_committee_crop_descriptor] ([crop_germplasm_committee_id], [crop_id]) VALUES (12, 102)
GO
INSERT [dbo].[crop_germplasm_committee_crop_descriptor] ([crop_germplasm_committee_id], [crop_id]) VALUES (12, 110)
GO
INSERT [dbo].[crop_germplasm_committee_crop_descriptor] ([crop_germplasm_committee_id], [crop_id]) VALUES (12, 139)
GO
INSERT [dbo].[crop_germplasm_committee_crop_descriptor] ([crop_germplasm_committee_id], [crop_id]) VALUES (12, 224)
GO
INSERT [dbo].[crop_germplasm_committee_crop_descriptor] ([crop_germplasm_committee_id], [crop_id]) VALUES (12, 225)
GO
INSERT [dbo].[crop_germplasm_committee_crop_descriptor] ([crop_germplasm_committee_id], [crop_id]) VALUES (12, 226)
GO
INSERT [dbo].[crop_germplasm_committee_crop_descriptor] ([crop_germplasm_committee_id], [crop_id]) VALUES (13, 174)
GO
INSERT [dbo].[crop_germplasm_committee_crop_descriptor] ([crop_germplasm_committee_id], [crop_id]) VALUES (15, 193)
GO
INSERT [dbo].[crop_germplasm_committee_crop_descriptor] ([crop_germplasm_committee_id], [crop_id]) VALUES (16, 80)
GO
INSERT [dbo].[crop_germplasm_committee_crop_descriptor] ([crop_germplasm_committee_id], [crop_id]) VALUES (16, 119)
GO
INSERT [dbo].[crop_germplasm_committee_crop_descriptor] ([crop_germplasm_committee_id], [crop_id]) VALUES (16, 219)
GO
INSERT [dbo].[crop_germplasm_committee_crop_descriptor] ([crop_germplasm_committee_id], [crop_id]) VALUES (17, 89)
GO
INSERT [dbo].[crop_germplasm_committee_crop_descriptor] ([crop_germplasm_committee_id], [crop_id]) VALUES (17, 137)
GO
INSERT [dbo].[crop_germplasm_committee_crop_descriptor] ([crop_germplasm_committee_id], [crop_id]) VALUES (19, 104)
GO
INSERT [dbo].[crop_germplasm_committee_crop_descriptor] ([crop_germplasm_committee_id], [crop_id]) VALUES (19, 159)
GO
INSERT [dbo].[crop_germplasm_committee_crop_descriptor] ([crop_germplasm_committee_id], [crop_id]) VALUES (19, 179)
GO
INSERT [dbo].[crop_germplasm_committee_crop_descriptor] ([crop_germplasm_committee_id], [crop_id]) VALUES (19, 212)
GO
INSERT [dbo].[crop_germplasm_committee_crop_descriptor] ([crop_germplasm_committee_id], [crop_id]) VALUES (20, 66)
GO
INSERT [dbo].[crop_germplasm_committee_crop_descriptor] ([crop_germplasm_committee_id], [crop_id]) VALUES (21, 173)
GO
INSERT [dbo].[crop_germplasm_committee_crop_descriptor] ([crop_germplasm_committee_id], [crop_id]) VALUES (21, 177)
GO
INSERT [dbo].[crop_germplasm_committee_crop_descriptor] ([crop_germplasm_committee_id], [crop_id]) VALUES (22, 86)
GO
INSERT [dbo].[crop_germplasm_committee_crop_descriptor] ([crop_germplasm_committee_id], [crop_id]) VALUES (23, 116)
GO
INSERT [dbo].[crop_germplasm_committee_crop_descriptor] ([crop_germplasm_committee_id], [crop_id]) VALUES (24, 83)
GO
INSERT [dbo].[crop_germplasm_committee_crop_descriptor] ([crop_germplasm_committee_id], [crop_id]) VALUES (25, 73)
GO
INSERT [dbo].[crop_germplasm_committee_crop_descriptor] ([crop_germplasm_committee_id], [crop_id]) VALUES (26, 158)
GO
INSERT [dbo].[crop_germplasm_committee_crop_descriptor] ([crop_germplasm_committee_id], [crop_id]) VALUES (27, 88)
GO
INSERT [dbo].[crop_germplasm_committee_crop_descriptor] ([crop_germplasm_committee_id], [crop_id]) VALUES (28, 75)
GO
INSERT [dbo].[crop_germplasm_committee_crop_descriptor] ([crop_germplasm_committee_id], [crop_id]) VALUES (29, 70)
GO
INSERT [dbo].[crop_germplasm_committee_crop_descriptor] ([crop_germplasm_committee_id], [crop_id]) VALUES (29, 71)
GO
INSERT [dbo].[crop_germplasm_committee_crop_descriptor] ([crop_germplasm_committee_id], [crop_id]) VALUES (29, 90)
GO
INSERT [dbo].[crop_germplasm_committee_crop_descriptor] ([crop_germplasm_committee_id], [crop_id]) VALUES (30, 78)
GO
INSERT [dbo].[crop_germplasm_committee_crop_descriptor] ([crop_germplasm_committee_id], [crop_id]) VALUES (30, 84)
GO
INSERT [dbo].[crop_germplasm_committee_crop_descriptor] ([crop_germplasm_committee_id], [crop_id]) VALUES (30, 85)
GO
INSERT [dbo].[crop_germplasm_committee_crop_descriptor] ([crop_germplasm_committee_id], [crop_id]) VALUES (30, 111)
GO
INSERT [dbo].[crop_germplasm_committee_crop_descriptor] ([crop_germplasm_committee_id], [crop_id]) VALUES (31, 69)
GO
INSERT [dbo].[crop_germplasm_committee_crop_descriptor] ([crop_germplasm_committee_id], [crop_id]) VALUES (32, 51)
GO
INSERT [dbo].[crop_germplasm_committee_crop_descriptor] ([crop_germplasm_committee_id], [crop_id]) VALUES (32, 124)
GO
INSERT [dbo].[crop_germplasm_committee_crop_descriptor] ([crop_germplasm_committee_id], [crop_id]) VALUES (34, 49)
GO
INSERT [dbo].[crop_germplasm_committee_crop_descriptor] ([crop_germplasm_committee_id], [crop_id]) VALUES (35, 101)
GO
INSERT [dbo].[crop_germplasm_committee_crop_descriptor] ([crop_germplasm_committee_id], [crop_id]) VALUES (36, 79)
GO
INSERT [dbo].[crop_germplasm_committee_crop_descriptor] ([crop_germplasm_committee_id], [crop_id]) VALUES (37, 109)
GO
INSERT [dbo].[crop_germplasm_committee_crop_descriptor] ([crop_germplasm_committee_id], [crop_id]) VALUES (38, 81)
GO
INSERT [dbo].[crop_germplasm_committee_crop_descriptor] ([crop_germplasm_committee_id], [crop_id]) VALUES (40, 126)
GO
INSERT [dbo].[crop_germplasm_committee_crop_descriptor] ([crop_germplasm_committee_id], [crop_id]) VALUES (40, 133)
GO
INSERT [dbo].[crop_germplasm_committee_crop_descriptor] ([crop_germplasm_committee_id], [crop_id]) VALUES (40, 156)
GO
INSERT [dbo].[crop_germplasm_committee_crop_descriptor] ([crop_germplasm_committee_id], [crop_id]) VALUES (40, 215)
GO
INSERT [dbo].[crop_germplasm_committee_crop_descriptor] ([crop_germplasm_committee_id], [crop_id]) VALUES (41, 188)
GO
INSERT [dbo].[crop_germplasm_committee_crop_descriptor] ([crop_germplasm_committee_id], [crop_id]) VALUES (42, 65)
GO
INSERT [dbo].[crop_germplasm_committee_crop_descriptor] ([crop_germplasm_committee_id], [crop_id]) VALUES (42, 72)
GO
INSERT [dbo].[crop_germplasm_committee_crop_descriptor] ([crop_germplasm_committee_id], [crop_id]) VALUES (42, 76)
GO
INSERT [dbo].[crop_germplasm_committee_crop_descriptor] ([crop_germplasm_committee_id], [crop_id]) VALUES (43, 211)
GO
SET IDENTITY_INSERT [dbo].[crop_germplasm_committee_document] ON 
GO
INSERT [dbo].[crop_germplasm_committee_document] ([crop_germplasm_committee_document_id], [crop_germplasm_committee_id], [url], [created_date], [created_by], [modified_date], [modified_by], [title]) VALUES (1, 6, N'https://www.ars-grin.gov/npgs/cgc_reports/2016_grass_and_clover_meeting_minutes_corrected2017.pdf', NULL, NULL, NULL, NULL, N'2016 - Forage & Turf Grass / Clover & Special Purpose Legume - Combined CGCs Minutes (Corrected, 2017)')
GO
INSERT [dbo].[crop_germplasm_committee_document] ([crop_germplasm_committee_document_id], [crop_germplasm_committee_id], [url], [created_date], [created_by], [modified_date], [modified_by], [title]) VALUES (2, 1, N'https://www.ars-grin.gov/npgs/cgc_reports/alfalfa/alfalfacgc2000.htm', NULL, NULL, NULL, NULL, N'2000 - Medicago Crop Vulnerability Statement')
GO
INSERT [dbo].[crop_germplasm_committee_document] ([crop_germplasm_committee_document_id], [crop_germplasm_committee_id], [url], [created_date], [created_by], [modified_date], [modified_by], [title]) VALUES (3, 1, N'https://www.ars-grin.gov/npgs/cgc_reports/alfalfa_cgc_minutes_2018.pdf', NULL, NULL, NULL, NULL, N'2018 - Alfalfa CGC Minutes')
GO
INSERT [dbo].[crop_germplasm_committee_document] ([crop_germplasm_committee_document_id], [crop_germplasm_committee_id], [url], [created_date], [created_by], [modified_date], [modified_by], [title]) VALUES (4, 3, N'https://www.ars-grin.gov/npgs/cgc_reports/barley2004mtg.html', NULL, NULL, NULL, NULL, N'2004 - Barley CGC Minutes')
GO
INSERT [dbo].[crop_germplasm_committee_document] ([crop_germplasm_committee_document_id], [crop_germplasm_committee_id], [url], [created_date], [created_by], [modified_date], [modified_by], [title]) VALUES (5, 3, N'https://www.ars-grin.gov/npgs/cgc_reports/barley2006mtg.html', NULL, NULL, NULL, NULL, N'2006 - Barley CGC Minutes')
GO
INSERT [dbo].[crop_germplasm_committee_document] ([crop_germplasm_committee_document_id], [crop_germplasm_committee_id], [url], [created_date], [created_by], [modified_date], [modified_by], [title]) VALUES (6, 3, N'https://www.ars-grin.gov/npgs/cgc_reports/barleyvuln2004.pdf', NULL, NULL, NULL, NULL, N'2004 - Barley Crop Vulnerability Statement')
GO
INSERT [dbo].[crop_germplasm_committee_document] ([crop_germplasm_committee_document_id], [crop_germplasm_committee_id], [url], [created_date], [created_by], [modified_date], [modified_by], [title]) VALUES (7, 4, N'https://www.ars-grin.gov/npgs/cgc_reports/carya_vulnerability_statement_2016.pdf', NULL, NULL, NULL, NULL, N'2016 - Carya Vulnerability Statement')
GO
INSERT [dbo].[crop_germplasm_committee_document] ([crop_germplasm_committee_document_id], [crop_germplasm_committee_id], [url], [created_date], [created_by], [modified_date], [modified_by], [title]) VALUES (8, 4, N'https://www.ars-grin.gov/npgs/cgc_reports/carya2012min.doc', NULL, NULL, NULL, NULL, N'2012 - Carya CGC Minutes ')
GO
INSERT [dbo].[crop_germplasm_committee_document] ([crop_germplasm_committee_document_id], [crop_germplasm_committee_id], [url], [created_date], [created_by], [modified_date], [modified_by], [title]) VALUES (9, 4, N'https://www.ars-grin.gov/npgs/cgc_reports/cgcminspecanshickories2008.html', NULL, NULL, NULL, NULL, N'2008 - Pecans & Hickories CGC Minutes')
GO
INSERT [dbo].[crop_germplasm_committee_document] ([crop_germplasm_committee_document_id], [crop_germplasm_committee_id], [url], [created_date], [created_by], [modified_date], [modified_by], [title]) VALUES (10, 5, N'https://www.ars-grin.gov/npgs/cgc_reports/citrus_and_date_report_2017.docx', NULL, NULL, NULL, NULL, N'2017 - Citrus and Date Report')
GO
INSERT [dbo].[crop_germplasm_committee_document] ([crop_germplasm_committee_document_id], [crop_germplasm_committee_id], [url], [created_date], [created_by], [modified_date], [modified_by], [title]) VALUES (11, 5, N'https://www.ars-grin.gov/npgs/cgc_reports/citrusdate2004.pdf', NULL, NULL, NULL, NULL, N'2004 - Citrus and Date Vulnerability Statement')
GO
INSERT [dbo].[crop_germplasm_committee_document] ([crop_germplasm_committee_document_id], [crop_germplasm_committee_id], [url], [created_date], [created_by], [modified_date], [modified_by], [title]) VALUES (12, 6, N'https://www.ars-grin.gov/npgs/cgc_reports/clover07.doc', NULL, NULL, NULL, NULL, N'2007 - Clover & Special Purpose Legume CGC Minutes')
GO
INSERT [dbo].[crop_germplasm_committee_document] ([crop_germplasm_committee_document_id], [crop_germplasm_committee_id], [url], [created_date], [created_by], [modified_date], [modified_by], [title]) VALUES (13, 6, N'https://www.ars-grin.gov/npgs/cgc_reports/clover09.doc', NULL, NULL, NULL, NULL, N'2009 - Clover & Special Purpose Legume CGC Minutes')
GO
INSERT [dbo].[crop_germplasm_committee_document] ([crop_germplasm_committee_document_id], [crop_germplasm_committee_id], [url], [created_date], [created_by], [modified_date], [modified_by], [title]) VALUES (14, 6, N'https://www.ars-grin.gov/npgs/cgc_reports/clovercgc2005.html', NULL, NULL, NULL, NULL, N'2005 - Clover & Special Purpose Legume CGC Minutes')
GO
INSERT [dbo].[crop_germplasm_committee_document] ([crop_germplasm_committee_document_id], [crop_germplasm_committee_id], [url], [created_date], [created_by], [modified_date], [modified_by], [title]) VALUES (15, 6, N'https://www.ars-grin.gov/npgs/cgc_reports/clovercgc2006.html', NULL, NULL, NULL, NULL, N'2006 - Clover & Special Purpose Legume CGC Minutes')
GO
INSERT [dbo].[crop_germplasm_committee_document] ([crop_germplasm_committee_document_id], [crop_germplasm_committee_id], [url], [created_date], [created_by], [modified_date], [modified_by], [title]) VALUES (16, 6, N'https://www.ars-grin.gov/npgs/cgc_reports/clovercgcstatusreportmay2006.pdf', NULL, NULL, NULL, NULL, N'2006 - Clover CGC Status Report')
GO
INSERT [dbo].[crop_germplasm_committee_document] ([crop_germplasm_committee_document_id], [crop_germplasm_committee_id], [url], [created_date], [created_by], [modified_date], [modified_by], [title]) VALUES (17, 4, N'https://www.ars-grin.gov/npgs/cgc_reports/pecan2011.doc', NULL, NULL, NULL, NULL, N'2011 - Carya CGC Minutes ')
GO
INSERT [dbo].[crop_germplasm_committee_document] ([crop_germplasm_committee_document_id], [crop_germplasm_committee_id], [url], [created_date], [created_by], [modified_date], [modified_by], [title]) VALUES (18, 4, N'https://www.ars-grin.gov/npgs/cgc_reports/pecans2007mtg.html', NULL, NULL, NULL, NULL, N'2007 - Carya CGC Minutes')
GO
INSERT [dbo].[crop_germplasm_committee_document] ([crop_germplasm_committee_document_id], [crop_germplasm_committee_id], [url], [created_date], [created_by], [modified_date], [modified_by], [title]) VALUES (19, 8, N'https://www.ars-grin.gov/npgs/cgc_reports/crucifers_vulnerability_statement_2018.doc', NULL, NULL, NULL, NULL, N'2018 - Vegetable Crucifers CGC Vulnerability Statement')
GO
INSERT [dbo].[crop_germplasm_committee_document] ([crop_germplasm_committee_document_id], [crop_germplasm_committee_id], [url], [created_date], [created_by], [modified_date], [modified_by], [title]) VALUES (20, 8, N'https://www.ars-grin.gov/npgs/cgc_reports/vegetablecruciferstatusupdate2004.pdf', NULL, NULL, NULL, NULL, N'2004 - Vegetable Crucifers CGC Vulnerability Statement')
GO
INSERT [dbo].[crop_germplasm_committee_document] ([crop_germplasm_committee_document_id], [crop_germplasm_committee_id], [url], [created_date], [created_by], [modified_date], [modified_by], [title]) VALUES (21, 42, N'https://www.ars-grin.gov/npgs/cgc_reports/1996_wheatcgc_report.pdf', NULL, NULL, NULL, NULL, N'1996 - Wheat Crop Vulnerability Statement')
GO
INSERT [dbo].[crop_germplasm_committee_document] ([crop_germplasm_committee_document_id], [crop_germplasm_committee_id], [url], [created_date], [created_by], [modified_date], [modified_by], [title]) VALUES (22, 16, N'https://www.ars-grin.gov/npgs/cgc_reports/2005lvcgcminutes.html', NULL, NULL, NULL, NULL, N'2005 - Leafy Vegetable CGC Minutes')
GO
INSERT [dbo].[crop_germplasm_committee_document] ([crop_germplasm_committee_document_id], [crop_germplasm_committee_id], [url], [created_date], [created_by], [modified_date], [modified_by], [title]) VALUES (23, 16, N'https://www.ars-grin.gov/npgs/cgc_reports/2006lvcgcmtgmin.html', NULL, NULL, NULL, NULL, N'2006 - Leafy Vegetable CGC Minutes')
GO
INSERT [dbo].[crop_germplasm_committee_document] ([crop_germplasm_committee_document_id], [crop_germplasm_committee_id], [url], [created_date], [created_by], [modified_date], [modified_by], [title]) VALUES (24, 16, N'https://www.ars-grin.gov/npgs/cgc_reports/2007lvcgcmtgmin.html', NULL, NULL, NULL, NULL, N'2007 - Leafy Vegetable CGC Minutes')
GO
INSERT [dbo].[crop_germplasm_committee_document] ([crop_germplasm_committee_document_id], [crop_germplasm_committee_id], [url], [created_date], [created_by], [modified_date], [modified_by], [title]) VALUES (25, 16, N'https://www.ars-grin.gov/npgs/cgc_reports/2010lvcountry.xls', NULL, NULL, NULL, NULL, N'2010 - Lactuca Accessions by Country')
GO
INSERT [dbo].[crop_germplasm_committee_document] ([crop_germplasm_committee_document_id], [crop_germplasm_committee_id], [url], [created_date], [created_by], [modified_date], [modified_by], [title]) VALUES (26, 16, N'https://www.ars-grin.gov/npgs/cgc_reports/2010lvobs.xls', NULL, NULL, NULL, NULL, N'2010 - Lactuca Accessions Evaluated')
GO
INSERT [dbo].[crop_germplasm_committee_document] ([crop_germplasm_committee_document_id], [crop_germplasm_committee_id], [url], [created_date], [created_by], [modified_date], [modified_by], [title]) VALUES (27, 16, N'https://www.ars-grin.gov/npgs/cgc_reports/2010lvspecies.xls', NULL, NULL, NULL, NULL, N'2010 - Lactuca Accessions by Species')
GO
INSERT [dbo].[crop_germplasm_committee_document] ([crop_germplasm_committee_document_id], [crop_germplasm_committee_id], [url], [created_date], [created_by], [modified_date], [modified_by], [title]) VALUES (28, 35, N'https://www.ars-grin.gov/npgs/cgc_reports/2011_sugarcane_CGC_minutes.docx', NULL, NULL, NULL, NULL, N'2011 - Sugarcane CGC Minutes')
GO
INSERT [dbo].[crop_germplasm_committee_document] ([crop_germplasm_committee_document_id], [crop_germplasm_committee_id], [url], [created_date], [created_by], [modified_date], [modified_by], [title]) VALUES (29, 35, N'https://www.ars-grin.gov/npgs/cgc_reports/2012_sugarcane_CGC_minutes.docx', NULL, NULL, NULL, NULL, N'2012 - Sugarcane CGC Minutes')
GO
INSERT [dbo].[crop_germplasm_committee_document] ([crop_germplasm_committee_document_id], [crop_germplasm_committee_id], [url], [created_date], [created_by], [modified_date], [modified_by], [title]) VALUES (30, 35, N'https://www.ars-grin.gov/npgs/cgc_reports/2013_sugarcane_CGC_minutes.docx', NULL, NULL, NULL, NULL, N'2013 - Sugarcane CGC Minutes')
GO
INSERT [dbo].[crop_germplasm_committee_document] ([crop_germplasm_committee_document_id], [crop_germplasm_committee_id], [url], [created_date], [created_by], [modified_date], [modified_by], [title]) VALUES (31, 35, N'https://www.ars-grin.gov/npgs/cgc_reports/2014_sugarcane_CGC_minutes.docx', NULL, NULL, NULL, NULL, N'2014 - Sugarcane CGC Minutes')
GO
INSERT [dbo].[crop_germplasm_committee_document] ([crop_germplasm_committee_document_id], [crop_germplasm_committee_id], [url], [created_date], [created_by], [modified_date], [modified_by], [title]) VALUES (32, 35, N'https://www.ars-grin.gov/npgs/cgc_reports/2015_sugarcane_CGC_minutes.docx', NULL, NULL, NULL, NULL, N'2015 - Sugarcane CGC Minutes')
GO
INSERT [dbo].[crop_germplasm_committee_document] ([crop_germplasm_committee_document_id], [crop_germplasm_committee_id], [url], [created_date], [created_by], [modified_date], [modified_by], [title]) VALUES (33, 12, N'https://www.ars-grin.gov/npgs/cgc_reports/2016_grass_and_clover_meeting_minutes_corrected2017.pdf', NULL, NULL, NULL, NULL, N'2016 - Forage & Turf Grass / Clover & Special Purpose Legume - Combined CGCs Minutes (Corrected, 2017)')
GO
INSERT [dbo].[crop_germplasm_committee_document] ([crop_germplasm_committee_document_id], [crop_germplasm_committee_id], [url], [created_date], [created_by], [modified_date], [modified_by], [title]) VALUES (34, 35, N'https://www.ars-grin.gov/npgs/cgc_reports/2016_sugarcane_CGC_minutes.docx', NULL, NULL, NULL, NULL, N'2016 - Sugarcane CGC Minutes')
GO
INSERT [dbo].[crop_germplasm_committee_document] ([crop_germplasm_committee_document_id], [crop_germplasm_committee_id], [url], [created_date], [created_by], [modified_date], [modified_by], [title]) VALUES (35, 14, N'https://www.ars-grin.gov/npgs/cgc_reports/2017_herbaceous_ornamentals_CGCminutes.docx', NULL, NULL, NULL, NULL, N'2017 - Herbaceous Ornamental CGC Minutes')
GO
INSERT [dbo].[crop_germplasm_committee_document] ([crop_germplasm_committee_document_id], [crop_germplasm_committee_id], [url], [created_date], [created_by], [modified_date], [modified_by], [title]) VALUES (36, 16, N'https://www.ars-grin.gov/npgs/cgc_reports/2017_leafy_vegetables_cgc_meeting_minutes.pdf', NULL, NULL, NULL, NULL, N'2017 - Leafy Vegetable CGC Minutes')
GO
INSERT [dbo].[crop_germplasm_committee_document] ([crop_germplasm_committee_document_id], [crop_germplasm_committee_id], [url], [created_date], [created_by], [modified_date], [modified_by], [title]) VALUES (37, 15, N'https://www.ars-grin.gov/npgs/cgc_reports/2017oct_juglans_meeting_minutes.pdf', NULL, NULL, NULL, NULL, N'2017 - Juglans CGC Minutes')
GO
INSERT [dbo].[crop_germplasm_committee_document] ([crop_germplasm_committee_document_id], [crop_germplasm_committee_id], [url], [created_date], [created_by], [modified_date], [modified_by], [title]) VALUES (38, 15, N'https://www.ars-grin.gov/npgs/cgc_reports/2017oct_juglans_vulnerability_statement.pdf', NULL, NULL, NULL, NULL, N'2017 - Juglans Crop Vulnerability Statement')
GO
INSERT [dbo].[crop_germplasm_committee_document] ([crop_germplasm_committee_document_id], [crop_germplasm_committee_id], [url], [created_date], [created_by], [modified_date], [modified_by], [title]) VALUES (39, 39, N'https://www.ars-grin.gov/npgs/cgc_reports/2018_apr_tomato_CGC_minutes.pdf', NULL, NULL, NULL, NULL, N'2018 - Tomato Breeders Roundtable Minutes (April)')
GO
INSERT [dbo].[crop_germplasm_committee_document] ([crop_germplasm_committee_document_id], [crop_germplasm_committee_id], [url], [created_date], [created_by], [modified_date], [modified_by], [title]) VALUES (40, 14, N'https://www.ars-grin.gov/npgs/cgc_reports/2018_herbaceous_ornamentals_CGCminutes.docx', NULL, NULL, NULL, NULL, N'2018 - Herbaceous Ornamental CGC Minutes')
GO
INSERT [dbo].[crop_germplasm_committee_document] ([crop_germplasm_committee_document_id], [crop_germplasm_committee_id], [url], [created_date], [created_by], [modified_date], [modified_by], [title]) VALUES (41, 32, N'https://www.ars-grin.gov/npgs/cgc_reports/2018_soybean_CGC_minutes.pdf', NULL, NULL, NULL, NULL, N'2018 - Soybean CGC Minutes')
GO
INSERT [dbo].[crop_germplasm_committee_document] ([crop_germplasm_committee_document_id], [crop_germplasm_committee_id], [url], [created_date], [created_by], [modified_date], [modified_by], [title]) VALUES (42, 32, N'https://www.ars-grin.gov/npgs/cgc_reports/2018_soybean_CGC_report.pdf', NULL, NULL, NULL, NULL, N'2018 - Soybean CGC Report')
GO
INSERT [dbo].[crop_germplasm_committee_document] ([crop_germplasm_committee_document_id], [crop_germplasm_committee_id], [url], [created_date], [created_by], [modified_date], [modified_by], [title]) VALUES (43, 39, N'https://www.ars-grin.gov/npgs/cgc_reports/2018_TGRC_progress_report.pdf', NULL, NULL, NULL, NULL, N'2018 - TGRC Tomato Annual Progress Report')
GO
INSERT [dbo].[crop_germplasm_committee_document] ([crop_germplasm_committee_document_id], [crop_germplasm_committee_id], [url], [created_date], [created_by], [modified_date], [modified_by], [title]) VALUES (44, 1, N'https://www.ars-grin.gov/npgs/cgc_reports/alfalfa96.html', NULL, NULL, NULL, NULL, N'1996 - Alfalfa CGC Report')
GO
INSERT [dbo].[crop_germplasm_committee_document] ([crop_germplasm_committee_document_id], [crop_germplasm_committee_id], [url], [created_date], [created_by], [modified_date], [modified_by], [title]) VALUES (45, 2, N'https://www.ars-grin.gov/npgs/cgc_reports/apple_CGC2017.pdf', NULL, NULL, NULL, NULL, N'2017 - Apple CGC Minutes')
GO
INSERT [dbo].[crop_germplasm_committee_document] ([crop_germplasm_committee_document_id], [crop_germplasm_committee_id], [url], [created_date], [created_by], [modified_date], [modified_by], [title]) VALUES (46, 2, N'https://www.ars-grin.gov/npgs/cgc_reports/apple_CGC2018.pdf', NULL, NULL, NULL, NULL, N'2018 - Apple CGC Minutes')
GO
INSERT [dbo].[crop_germplasm_committee_document] ([crop_germplasm_committee_document_id], [crop_germplasm_committee_id], [url], [created_date], [created_by], [modified_date], [modified_by], [title]) VALUES (47, 2, N'https://www.ars-grin.gov/npgs/cgc_reports/applecgc2007.html', NULL, NULL, NULL, NULL, N'2007 - Apple CGC Minutes')
GO
INSERT [dbo].[crop_germplasm_committee_document] ([crop_germplasm_committee_document_id], [crop_germplasm_committee_id], [url], [created_date], [created_by], [modified_date], [modified_by], [title]) VALUES (48, 2, N'https://www.ars-grin.gov/npgs/cgc_reports/applecgcmin2013.pdf', NULL, NULL, NULL, NULL, N'2013 - Apple CGC Minutes')
GO
INSERT [dbo].[crop_germplasm_committee_document] ([crop_germplasm_committee_document_id], [crop_germplasm_committee_id], [url], [created_date], [created_by], [modified_date], [modified_by], [title]) VALUES (49, 2, N'https://www.ars-grin.gov/npgs/cgc_reports/applecgcreports2014.pdf', NULL, NULL, NULL, NULL, N'2014 - Apple CGC Minutes')
GO
INSERT [dbo].[crop_germplasm_committee_document] ([crop_germplasm_committee_document_id], [crop_germplasm_committee_id], [url], [created_date], [created_by], [modified_date], [modified_by], [title]) VALUES (50, 2, N'https://www.ars-grin.gov/npgs/cgc_reports/applecgcreports2015.pdf', NULL, NULL, NULL, NULL, N'2015 - Apple CGC Minutes')
GO
INSERT [dbo].[crop_germplasm_committee_document] ([crop_germplasm_committee_document_id], [crop_germplasm_committee_id], [url], [created_date], [created_by], [modified_date], [modified_by], [title]) VALUES (51, 2, N'https://www.ars-grin.gov/npgs/cgc_reports/applecgcSept2016.pdf', NULL, NULL, NULL, NULL, N'2016 - Apple CGC Minutes')
GO
INSERT [dbo].[crop_germplasm_committee_document] ([crop_germplasm_committee_document_id], [crop_germplasm_committee_id], [url], [created_date], [created_by], [modified_date], [modified_by], [title]) VALUES (52, 2, N'https://www.ars-grin.gov/npgs/cgc_reports/applemin2010.doc', NULL, NULL, NULL, NULL, N'2010 - Apple CGC Minutes')
GO
INSERT [dbo].[crop_germplasm_committee_document] ([crop_germplasm_committee_document_id], [crop_germplasm_committee_id], [url], [created_date], [created_by], [modified_date], [modified_by], [title]) VALUES (53, 2, N'https://www.ars-grin.gov/npgs/cgc_reports/applevuln2015.pdf', NULL, NULL, NULL, NULL, N'2015 - Apple Crop Vulnerability Statement')
GO
INSERT [dbo].[crop_germplasm_committee_document] ([crop_germplasm_committee_document_id], [crop_germplasm_committee_id], [url], [created_date], [created_by], [modified_date], [modified_by], [title]) VALUES (54, 2, N'https://www.ars-grin.gov/npgs/cgc_reports/apppru09.doc', NULL, NULL, NULL, NULL, N'2009 - Apple CGC Minutes')
GO
INSERT [dbo].[crop_germplasm_committee_document] ([crop_germplasm_committee_document_id], [crop_germplasm_committee_id], [url], [created_date], [created_by], [modified_date], [modified_by], [title]) VALUES (55, 26, N'https://www.ars-grin.gov/npgs/cgc_reports/apppru09.doc', NULL, NULL, NULL, NULL, N'2009 - Prunus CGC Minutes')
GO
INSERT [dbo].[crop_germplasm_committee_document] ([crop_germplasm_committee_document_id], [crop_germplasm_committee_id], [url], [created_date], [created_by], [modified_date], [modified_by], [title]) VALUES (56, 2, N'https://www.ars-grin.gov/npgs/cgc_reports/apppru11.doc', NULL, NULL, NULL, NULL, N'2011 - Apple CGC Minutes')
GO
INSERT [dbo].[crop_germplasm_committee_document] ([crop_germplasm_committee_document_id], [crop_germplasm_committee_id], [url], [created_date], [created_by], [modified_date], [modified_by], [title]) VALUES (57, 2, N'https://www.ars-grin.gov/npgs/cgc_reports/apppru11reports.pdf', NULL, NULL, NULL, NULL, N'2011 - Apple CGC Reports')
GO
INSERT [dbo].[crop_germplasm_committee_document] ([crop_germplasm_committee_document_id], [crop_germplasm_committee_id], [url], [created_date], [created_by], [modified_date], [modified_by], [title]) VALUES (58, 26, N'https://www.ars-grin.gov/npgs/cgc_reports/apppru11reports.pdf', NULL, NULL, NULL, NULL, N'2011 - Prunus Vulnerabilty Report')
GO
INSERT [dbo].[crop_germplasm_committee_document] ([crop_germplasm_committee_document_id], [crop_germplasm_committee_id], [url], [created_date], [created_by], [modified_date], [modified_by], [title]) VALUES (59, 27, N'https://www.ars-grin.gov/npgs/cgc_reports/appprupear2012', NULL, NULL, NULL, NULL, N'2012 - Pyrus CGC Minutes')
GO
INSERT [dbo].[crop_germplasm_committee_document] ([crop_germplasm_committee_document_id], [crop_germplasm_committee_id], [url], [created_date], [created_by], [modified_date], [modified_by], [title]) VALUES (60, 2, N'https://www.ars-grin.gov/npgs/cgc_reports/appprupear2012.doc', NULL, NULL, NULL, NULL, N'2012 - Apple CGC Minutes')
GO
INSERT [dbo].[crop_germplasm_committee_document] ([crop_germplasm_committee_document_id], [crop_germplasm_committee_id], [url], [created_date], [created_by], [modified_date], [modified_by], [title]) VALUES (61, 26, N'https://www.ars-grin.gov/npgs/cgc_reports/appprupear2012.doc', NULL, NULL, NULL, NULL, N'2012 - Prunus CGC Minutes')
GO
INSERT [dbo].[crop_germplasm_committee_document] ([crop_germplasm_committee_document_id], [crop_germplasm_committee_id], [url], [created_date], [created_by], [modified_date], [modified_by], [title]) VALUES (62, 30, N'https://www.ars-grin.gov/npgs/cgc_reports/blueberry_2017_CVS_QUAD_TEMPLATE_v2_2018feb13.ppt', NULL, NULL, NULL, NULL, N'2017 - Blueberry QUAD Chart')
GO
INSERT [dbo].[crop_germplasm_committee_document] ([crop_germplasm_committee_document_id], [crop_germplasm_committee_id], [url], [created_date], [created_by], [modified_date], [modified_by], [title]) VALUES (63, 30, N'https://www.ars-grin.gov/npgs/cgc_reports/blueberryvuln2016.docx', NULL, NULL, NULL, NULL, N'2016 - Blueberry Crop Vulnerability Statement')
GO
INSERT [dbo].[crop_germplasm_committee_document] ([crop_germplasm_committee_document_id], [crop_germplasm_committee_id], [url], [created_date], [created_by], [modified_date], [modified_by], [title]) VALUES (64, 23, N'https://www.ars-grin.gov/npgs/cgc_reports/capsicum2010min.doc', NULL, NULL, NULL, NULL, N'2010 - Pepper CGC Minutes')
GO
INSERT [dbo].[crop_germplasm_committee_document] ([crop_germplasm_committee_document_id], [crop_germplasm_committee_id], [url], [created_date], [created_by], [modified_date], [modified_by], [title]) VALUES (65, 4, N'https://www.ars-grin.gov/npgs/cgc_reports/CaryaVulnerability2004', NULL, NULL, NULL, NULL, N'2004 - Carya Vulnerability Statement')
GO
INSERT [dbo].[crop_germplasm_committee_document] ([crop_germplasm_committee_document_id], [crop_germplasm_committee_id], [url], [created_date], [created_by], [modified_date], [modified_by], [title]) VALUES (66, 10, N'https://www.ars-grin.gov/npgs/cgc_reports/citrus_and_date_report_2017.docx', NULL, NULL, NULL, NULL, N'2017 - Citrus and Date Report')
GO
INSERT [dbo].[crop_germplasm_committee_document] ([crop_germplasm_committee_document_id], [crop_germplasm_committee_id], [url], [created_date], [created_by], [modified_date], [modified_by], [title]) VALUES (67, 7, N'https://www.ars-grin.gov/npgs/cgc_reports/cotton_minutes_2016.pdf', NULL, NULL, NULL, NULL, N'2016 - Cotton CGC Minutes')
GO
INSERT [dbo].[crop_germplasm_committee_document] ([crop_germplasm_committee_document_id], [crop_germplasm_committee_id], [url], [created_date], [created_by], [modified_date], [modified_by], [title]) VALUES (68, 7, N'https://www.ars-grin.gov/npgs/cgc_reports/cotton_minutes_2017.pdf', NULL, NULL, NULL, NULL, N'2017 - Cotton CGC Minutes')
GO
INSERT [dbo].[crop_germplasm_committee_document] ([crop_germplasm_committee_document_id], [crop_germplasm_committee_id], [url], [created_date], [created_by], [modified_date], [modified_by], [title]) VALUES (69, 7, N'https://www.ars-grin.gov/npgs/cgc_reports/cottonmin2015.docx', NULL, NULL, NULL, NULL, N'2015 - Cotton CGC Minutes')
GO
INSERT [dbo].[crop_germplasm_committee_document] ([crop_germplasm_committee_document_id], [crop_germplasm_committee_id], [url], [created_date], [created_by], [modified_date], [modified_by], [title]) VALUES (70, 7, N'https://www.ars-grin.gov/npgs/cgc_reports/cottonstatus2005final.pdf', NULL, NULL, NULL, NULL, N'2005 - Cotton Crop Vulnerability Statement')
GO
INSERT [dbo].[crop_germplasm_committee_document] ([crop_germplasm_committee_document_id], [crop_germplasm_committee_id], [url], [created_date], [created_by], [modified_date], [modified_by], [title]) VALUES (71, 30, N'https://www.ars-grin.gov/npgs/cgc_reports/cranberry_vulnerability_statement_2017.pdf', NULL, NULL, NULL, NULL, N'2017 - Cranberry Crop Vulnerability Statement')
GO
INSERT [dbo].[crop_germplasm_committee_document] ([crop_germplasm_committee_document_id], [crop_germplasm_committee_id], [url], [created_date], [created_by], [modified_date], [modified_by], [title]) VALUES (72, 28, N'https://www.ars-grin.gov/npgs/cgc_reports/CropVulnerabilityRiceRevised.pdf', NULL, NULL, NULL, NULL, N'2004 - Rice Crop Vulnerability Statement')
GO
INSERT [dbo].[crop_germplasm_committee_document] ([crop_germplasm_committee_document_id], [crop_germplasm_committee_id], [url], [created_date], [created_by], [modified_date], [modified_by], [title]) VALUES (73, 11, N'https://www.ars-grin.gov/npgs/cgc_reports/csfl98.pdf', NULL, NULL, NULL, NULL, N'1998 - Cool Season Food Legume Vulnerability Statement')
GO
INSERT [dbo].[crop_germplasm_committee_document] ([crop_germplasm_committee_document_id], [crop_germplasm_committee_id], [url], [created_date], [created_by], [modified_date], [modified_by], [title]) VALUES (74, 9, N'https://www.ars-grin.gov/npgs/cgc_reports/cucumber.pdf', NULL, NULL, NULL, NULL, N'1996 - Cucumis Vulnerability Statement')
GO
INSERT [dbo].[crop_germplasm_committee_document] ([crop_germplasm_committee_document_id], [crop_germplasm_committee_id], [url], [created_date], [created_by], [modified_date], [modified_by], [title]) VALUES (75, 11, N'https://www.ars-grin.gov/npgs/cgc_reports/foodlegume09.doc', NULL, NULL, NULL, NULL, N'2009 - Food Legume CGC Minutes')
GO
INSERT [dbo].[crop_germplasm_committee_document] ([crop_germplasm_committee_document_id], [crop_germplasm_committee_id], [url], [created_date], [created_by], [modified_date], [modified_by], [title]) VALUES (76, 30, N'https://www.ars-grin.gov/npgs/cgc_reports/Fragaria_vulnerability_statement_2013.docx', NULL, NULL, NULL, NULL, N'2013 - Fragaria Vulnerability Statement')
GO
INSERT [dbo].[crop_germplasm_committee_document] ([crop_germplasm_committee_document_id], [crop_germplasm_committee_id], [url], [created_date], [created_by], [modified_date], [modified_by], [title]) VALUES (77, 13, N'https://www.ars-grin.gov/npgs/cgc_reports/grape2004vulnerability.html', NULL, NULL, NULL, NULL, N'2004 - Grape Crop Vulnerability Statement')
GO
INSERT [dbo].[crop_germplasm_committee_document] ([crop_germplasm_committee_document_id], [crop_germplasm_committee_id], [url], [created_date], [created_by], [modified_date], [modified_by], [title]) VALUES (78, 13, N'https://www.ars-grin.gov/npgs/cgc_reports/grapecgc2001.htm', NULL, NULL, NULL, NULL, N'2001 - Grape Crop Vulnerability Statement')
GO
INSERT [dbo].[crop_germplasm_committee_document] ([crop_germplasm_committee_document_id], [crop_germplasm_committee_id], [url], [created_date], [created_by], [modified_date], [modified_by], [title]) VALUES (79, 13, N'https://www.ars-grin.gov/npgs/cgc_reports/grapemin06.html', NULL, NULL, NULL, NULL, N'2006 - Grape CGC Minutes')
GO
INSERT [dbo].[crop_germplasm_committee_document] ([crop_germplasm_committee_document_id], [crop_germplasm_committee_id], [url], [created_date], [created_by], [modified_date], [modified_by], [title]) VALUES (80, 12, N'https://www.ars-grin.gov/npgs/cgc_reports/grassrpt1997.pdf', NULL, NULL, NULL, NULL, N'1997 - Grass Crop Vulnerability Statement')
GO
INSERT [dbo].[crop_germplasm_committee_document] ([crop_germplasm_committee_document_id], [crop_germplasm_committee_id], [url], [created_date], [created_by], [modified_date], [modified_by], [title]) VALUES (81, 14, N'https://www.ars-grin.gov/npgs/cgc_reports/herb09.doc', NULL, NULL, NULL, NULL, N'2009 - Herbaceous Ornamental CGC Minutes')
GO
INSERT [dbo].[crop_germplasm_committee_document] ([crop_germplasm_committee_document_id], [crop_germplasm_committee_id], [url], [created_date], [created_by], [modified_date], [modified_by], [title]) VALUES (82, 14, N'https://www.ars-grin.gov/npgs/cgc_reports/herb2010.doc', NULL, NULL, NULL, NULL, N'2010 - Herbaceous Ornamental CGC Minutes')
GO
INSERT [dbo].[crop_germplasm_committee_document] ([crop_germplasm_committee_document_id], [crop_germplasm_committee_id], [url], [created_date], [created_by], [modified_date], [modified_by], [title]) VALUES (83, 14, N'https://www.ars-grin.gov/npgs/cgc_reports/herbaceousmin2012.doc', NULL, NULL, NULL, NULL, N'2012 - Herbaceous Ornamental CGC Minutes')
GO
INSERT [dbo].[crop_germplasm_committee_document] ([crop_germplasm_committee_document_id], [crop_germplasm_committee_id], [url], [created_date], [created_by], [modified_date], [modified_by], [title]) VALUES (84, 14, N'https://www.ars-grin.gov/npgs/cgc_reports/herbaceousmin2015.docx', NULL, NULL, NULL, NULL, N'2015 - Herbaceous Ornamental CGC Minutes')
GO
INSERT [dbo].[crop_germplasm_committee_document] ([crop_germplasm_committee_document_id], [crop_germplasm_committee_id], [url], [created_date], [created_by], [modified_date], [modified_by], [title]) VALUES (85, 14, N'https://www.ars-grin.gov/npgs/cgc_reports/herbaceousmin2016.docx', NULL, NULL, NULL, NULL, N'2016 - Herbaceous Ornamental CGC Minutes')
GO
INSERT [dbo].[crop_germplasm_committee_document] ([crop_germplasm_committee_document_id], [crop_germplasm_committee_id], [url], [created_date], [created_by], [modified_date], [modified_by], [title]) VALUES (86, 14, N'https://www.ars-grin.gov/npgs/cgc_reports/hocgc06min.doc', NULL, NULL, NULL, NULL, N'2006 - Herbaceous Ornamental CGC Minutes')
GO
INSERT [dbo].[crop_germplasm_committee_document] ([crop_germplasm_committee_document_id], [crop_germplasm_committee_id], [url], [created_date], [created_by], [modified_date], [modified_by], [title]) VALUES (87, 14, N'https://www.ars-grin.gov/npgs/cgc_reports/hocgc12ames.pdf', NULL, NULL, NULL, NULL, N'2012 - Ames Report')
GO
INSERT [dbo].[crop_germplasm_committee_document] ([crop_germplasm_committee_document_id], [crop_germplasm_committee_id], [url], [created_date], [created_by], [modified_date], [modified_by], [title]) VALUES (88, 14, N'https://www.ars-grin.gov/npgs/cgc_reports/hocgc12w6.pdf', NULL, NULL, NULL, NULL, N'2012 - Pullman Report ')
GO
INSERT [dbo].[crop_germplasm_committee_document] ([crop_germplasm_committee_document_id], [crop_germplasm_committee_id], [url], [created_date], [created_by], [modified_date], [modified_by], [title]) VALUES (89, 15, N'https://www.ars-grin.gov/npgs/cgc_reports/juglan12.doc', NULL, NULL, NULL, NULL, N'2012 - Juglans CGC Minutes')
GO
INSERT [dbo].[crop_germplasm_committee_document] ([crop_germplasm_committee_document_id], [crop_germplasm_committee_id], [url], [created_date], [created_by], [modified_date], [modified_by], [title]) VALUES (90, 15, N'https://www.ars-grin.gov/npgs/cgc_reports/juglans_CGC_minutes_2018.pdf', NULL, NULL, NULL, NULL, N'2018 - Juglans CGC Minutes')
GO
INSERT [dbo].[crop_germplasm_committee_document] ([crop_germplasm_committee_document_id], [crop_germplasm_committee_id], [url], [created_date], [created_by], [modified_date], [modified_by], [title]) VALUES (91, 15, N'https://www.ars-grin.gov/npgs/cgc_reports/juglans2010.doc', NULL, NULL, NULL, NULL, N'2010 - Juglans CGC Report')
GO
INSERT [dbo].[crop_germplasm_committee_document] ([crop_germplasm_committee_document_id], [crop_germplasm_committee_id], [url], [created_date], [created_by], [modified_date], [modified_by], [title]) VALUES (92, 16, N'https://www.ars-grin.gov/npgs/cgc_reports/lvcgc2004.html', NULL, NULL, NULL, NULL, N'2004 - Leafy Vegetable CGC Report')
GO
INSERT [dbo].[crop_germplasm_committee_document] ([crop_germplasm_committee_document_id], [crop_germplasm_committee_id], [url], [created_date], [created_by], [modified_date], [modified_by], [title]) VALUES (93, 16, N'https://www.ars-grin.gov/npgs/cgc_reports/lvcgc2008.html', NULL, NULL, NULL, NULL, N'2008 - Leafy Vegetable CGC Minutes')
GO
INSERT [dbo].[crop_germplasm_committee_document] ([crop_germplasm_committee_document_id], [crop_germplasm_committee_id], [url], [created_date], [created_by], [modified_date], [modified_by], [title]) VALUES (94, 16, N'https://www.ars-grin.gov/npgs/cgc_reports/lvcgc2009.doc', NULL, NULL, NULL, NULL, N'2009 - Leafy Vegetable CGC Minutes')
GO
INSERT [dbo].[crop_germplasm_committee_document] ([crop_germplasm_committee_document_id], [crop_germplasm_committee_id], [url], [created_date], [created_by], [modified_date], [modified_by], [title]) VALUES (95, 16, N'https://www.ars-grin.gov/npgs/cgc_reports/lvcgc2010.doc', NULL, NULL, NULL, NULL, N'2010 - Leafy Vegetable CGC Minutes')
GO
INSERT [dbo].[crop_germplasm_committee_document] ([crop_germplasm_committee_document_id], [crop_germplasm_committee_id], [url], [created_date], [created_by], [modified_date], [modified_by], [title]) VALUES (96, 16, N'https://www.ars-grin.gov/npgs/cgc_reports/lvcgc2011.doc', NULL, NULL, NULL, NULL, N'2011 - Leafy Vegetable CGC Minutes')
GO
INSERT [dbo].[crop_germplasm_committee_document] ([crop_germplasm_committee_document_id], [crop_germplasm_committee_id], [url], [created_date], [created_by], [modified_date], [modified_by], [title]) VALUES (97, 16, N'https://www.ars-grin.gov/npgs/cgc_reports/lvcgc2012.doc', NULL, NULL, NULL, NULL, N'2012 - Leafy Vegetable CGC Minutes')
GO
INSERT [dbo].[crop_germplasm_committee_document] ([crop_germplasm_committee_document_id], [crop_germplasm_committee_id], [url], [created_date], [created_by], [modified_date], [modified_by], [title]) VALUES (98, 16, N'https://www.ars-grin.gov/npgs/cgc_reports/lvcgc2013.doc', NULL, NULL, NULL, NULL, N'2013 - Leafy Vegetable CGC Minutes')
GO
INSERT [dbo].[crop_germplasm_committee_document] ([crop_germplasm_committee_document_id], [crop_germplasm_committee_id], [url], [created_date], [created_by], [modified_date], [modified_by], [title]) VALUES (99, 16, N'https://www.ars-grin.gov/npgs/cgc_reports/lvcgc2014.doc', NULL, NULL, NULL, NULL, N'2014 - Leafy Vegetable CGC Minutes')
GO
INSERT [dbo].[crop_germplasm_committee_document] ([crop_germplasm_committee_document_id], [crop_germplasm_committee_id], [url], [created_date], [created_by], [modified_date], [modified_by], [title]) VALUES (100, 16, N'https://www.ars-grin.gov/npgs/cgc_reports/lvcgc2015.docx', NULL, NULL, NULL, NULL, N'2015 - Leafy Vegetable CGC Minutes')
GO
INSERT [dbo].[crop_germplasm_committee_document] ([crop_germplasm_committee_document_id], [crop_germplasm_committee_id], [url], [created_date], [created_by], [modified_date], [modified_by], [title]) VALUES (101, 16, N'https://www.ars-grin.gov/npgs/cgc_reports/lvcgc2016.doc', NULL, NULL, NULL, NULL, N'2016 - Leafy Vegetable CGC Minutes')
GO
INSERT [dbo].[crop_germplasm_committee_document] ([crop_germplasm_committee_document_id], [crop_germplasm_committee_id], [url], [created_date], [created_by], [modified_date], [modified_by], [title]) VALUES (102, 16, N'https://www.ars-grin.gov/npgs/cgc_reports/LVCGCCropRpt104.pdf', NULL, NULL, NULL, NULL, N'2004 - Leafy Vegetable CGC Minutes')
GO
INSERT [dbo].[crop_germplasm_committee_document] ([crop_germplasm_committee_document_id], [crop_germplasm_committee_id], [url], [created_date], [created_by], [modified_date], [modified_by], [title]) VALUES (103, 16, N'https://www.ars-grin.gov/npgs/cgc_reports/lvcgcvuln2015.docx', NULL, NULL, NULL, NULL, N'2015 - Leafy Vegetable Crop Vulnerability Statement')
GO
INSERT [dbo].[crop_germplasm_committee_document] ([crop_germplasm_committee_document_id], [crop_germplasm_committee_id], [url], [created_date], [created_by], [modified_date], [modified_by], [title]) VALUES (104, 17, N'https://www.ars-grin.gov/npgs/cgc_reports/maize00.htm', NULL, NULL, NULL, NULL, N'2000 - Maize CGC Minutes')
GO
INSERT [dbo].[crop_germplasm_committee_document] ([crop_germplasm_committee_document_id], [crop_germplasm_committee_id], [url], [created_date], [created_by], [modified_date], [modified_by], [title]) VALUES (105, 17, N'https://www.ars-grin.gov/npgs/cgc_reports/maize02.html', NULL, NULL, NULL, NULL, N'2002 - Maize CGC Minutes')
GO
INSERT [dbo].[crop_germplasm_committee_document] ([crop_germplasm_committee_document_id], [crop_germplasm_committee_id], [url], [created_date], [created_by], [modified_date], [modified_by], [title]) VALUES (106, 17, N'https://www.ars-grin.gov/npgs/cgc_reports/maize06.html', NULL, NULL, NULL, NULL, N'2006 - Maize CGC Minutes')
GO
INSERT [dbo].[crop_germplasm_committee_document] ([crop_germplasm_committee_document_id], [crop_germplasm_committee_id], [url], [created_date], [created_by], [modified_date], [modified_by], [title]) VALUES (107, 17, N'https://www.ars-grin.gov/npgs/cgc_reports/maize07.doc', NULL, NULL, NULL, NULL, N'2007 - Maize CGC Minutes')
GO
INSERT [dbo].[crop_germplasm_committee_document] ([crop_germplasm_committee_document_id], [crop_germplasm_committee_id], [url], [created_date], [created_by], [modified_date], [modified_by], [title]) VALUES (108, 17, N'https://www.ars-grin.gov/npgs/cgc_reports/maize09.doc', NULL, NULL, NULL, NULL, N'2009 - Maize CGC Minutes')
GO
INSERT [dbo].[crop_germplasm_committee_document] ([crop_germplasm_committee_document_id], [crop_germplasm_committee_id], [url], [created_date], [created_by], [modified_date], [modified_by], [title]) VALUES (109, 17, N'https://www.ars-grin.gov/npgs/cgc_reports/maize2003cgc.htm', NULL, NULL, NULL, NULL, N'2003 - Maize CGC Minutes')
GO
INSERT [dbo].[crop_germplasm_committee_document] ([crop_germplasm_committee_document_id], [crop_germplasm_committee_id], [url], [created_date], [created_by], [modified_date], [modified_by], [title]) VALUES (110, 17, N'https://www.ars-grin.gov/npgs/cgc_reports/maize2004cgc.html', NULL, NULL, NULL, NULL, N'2004 - Maize CGC Minutes')
GO
INSERT [dbo].[crop_germplasm_committee_document] ([crop_germplasm_committee_document_id], [crop_germplasm_committee_id], [url], [created_date], [created_by], [modified_date], [modified_by], [title]) VALUES (111, 17, N'https://www.ars-grin.gov/npgs/cgc_reports/maize2011.doc', NULL, NULL, NULL, NULL, N'2011 - Maize CGC Minutes')
GO
INSERT [dbo].[crop_germplasm_committee_document] ([crop_germplasm_committee_document_id], [crop_germplasm_committee_id], [url], [created_date], [created_by], [modified_date], [modified_by], [title]) VALUES (112, 17, N'https://www.ars-grin.gov/npgs/cgc_reports/maize2012.doc', NULL, NULL, NULL, NULL, N'2012 - Maize CGC Minutes')
GO
INSERT [dbo].[crop_germplasm_committee_document] ([crop_germplasm_committee_document_id], [crop_germplasm_committee_id], [url], [created_date], [created_by], [modified_date], [modified_by], [title]) VALUES (113, 17, N'https://www.ars-grin.gov/npgs/cgc_reports/maize2014.doc', NULL, NULL, NULL, NULL, N'2014 - Maize CGC Minutes')
GO
INSERT [dbo].[crop_germplasm_committee_document] ([crop_germplasm_committee_document_id], [crop_germplasm_committee_id], [url], [created_date], [created_by], [modified_date], [modified_by], [title]) VALUES (114, 17, N'https://www.ars-grin.gov/npgs/cgc_reports/maizecgc.htm', NULL, NULL, NULL, NULL, N'2000 - Maize CGC Report and Vulnerability Statement')
GO
INSERT [dbo].[crop_germplasm_committee_document] ([crop_germplasm_committee_document_id], [crop_germplasm_committee_id], [url], [created_date], [created_by], [modified_date], [modified_by], [title]) VALUES (115, 17, N'https://www.ars-grin.gov/npgs/cgc_reports/maizecgc01.htm', NULL, NULL, NULL, NULL, N'2001 - Maize CGC Minutes')
GO
INSERT [dbo].[crop_germplasm_committee_document] ([crop_germplasm_committee_document_id], [crop_germplasm_committee_id], [url], [created_date], [created_by], [modified_date], [modified_by], [title]) VALUES (116, 17, N'https://www.ars-grin.gov/npgs/cgc_reports/maizecgc2005mins.html', NULL, NULL, NULL, NULL, N'2005 - Maize CGC Minutes')
GO
INSERT [dbo].[crop_germplasm_committee_document] ([crop_germplasm_committee_document_id], [crop_germplasm_committee_id], [url], [created_date], [created_by], [modified_date], [modified_by], [title]) VALUES (117, 17, N'https://www.ars-grin.gov/npgs/cgc_reports/maizevuln2016.pdf', NULL, NULL, NULL, NULL, N'2016 - Maize Crop Vulnerability Statement')
GO
INSERT [dbo].[crop_germplasm_committee_document] ([crop_germplasm_committee_document_id], [crop_germplasm_committee_id], [url], [created_date], [created_by], [modified_date], [modified_by], [title]) VALUES (118, 18, N'https://www.ars-grin.gov/npgs/cgc_reports/medcgc2010.pdf', NULL, NULL, NULL, NULL, N'2010 - Medicinal & Essential Oils CGC Minutes')
GO
INSERT [dbo].[crop_germplasm_committee_document] ([crop_germplasm_committee_document_id], [crop_germplasm_committee_id], [url], [created_date], [created_by], [modified_date], [modified_by], [title]) VALUES (119, 18, N'https://www.ars-grin.gov/npgs/cgc_reports/medmin2014.docx', NULL, NULL, NULL, NULL, N'2014 - Medicinal & Essential Oils CGC Minutes')
GO
INSERT [dbo].[crop_germplasm_committee_document] ([crop_germplasm_committee_document_id], [crop_germplasm_committee_id], [url], [created_date], [created_by], [modified_date], [modified_by], [title]) VALUES (120, 9, N'https://www.ars-grin.gov/npgs/cgc_reports/melon.pdf', NULL, NULL, NULL, NULL, N'1995 - Cucumis Vulnerability Statement')
GO
INSERT [dbo].[crop_germplasm_committee_document] ([crop_germplasm_committee_document_id], [crop_germplasm_committee_id], [url], [created_date], [created_by], [modified_date], [modified_by], [title]) VALUES (121, 9, N'https://www.ars-grin.gov/npgs/cgc_reports/melonsurvey.doc', NULL, NULL, NULL, NULL, N'2011 - Melon Survey ')
GO
INSERT [dbo].[crop_germplasm_committee_document] ([crop_germplasm_committee_document_id], [crop_germplasm_committee_id], [url], [created_date], [created_by], [modified_date], [modified_by], [title]) VALUES (122, 34, N'https://www.ars-grin.gov/npgs/cgc_reports/Minutes_of_the_CGC_meeting_in_SLC_2007.pdf', NULL, NULL, NULL, NULL, N'Minutes of the CGC Meeting in Salt Lake City, 2007')
GO
INSERT [dbo].[crop_germplasm_committee_document] ([crop_germplasm_committee_document_id], [crop_germplasm_committee_id], [url], [created_date], [created_by], [modified_date], [modified_by], [title]) VALUES (123, 19, N'https://www.ars-grin.gov/npgs/cgc_reports/newcropdbase2011.xls', NULL, NULL, NULL, NULL, N'2011 - New Crops Vulnerability Statement')
GO
INSERT [dbo].[crop_germplasm_committee_document] ([crop_germplasm_committee_document_id], [crop_germplasm_committee_id], [url], [created_date], [created_by], [modified_date], [modified_by], [title]) VALUES (124, 19, N'https://www.ars-grin.gov/npgs/cgc_reports/newcrops2007mins2.html', NULL, NULL, NULL, NULL, N'2007 - New Crops CGC Minutes')
GO
INSERT [dbo].[crop_germplasm_committee_document] ([crop_germplasm_committee_document_id], [crop_germplasm_committee_id], [url], [created_date], [created_by], [modified_date], [modified_by], [title]) VALUES (125, 19, N'https://www.ars-grin.gov/npgs/cgc_reports/newcropsmin2010.doc', NULL, NULL, NULL, NULL, N'2010 - New Crops CGC Minutes')
GO
INSERT [dbo].[crop_germplasm_committee_document] ([crop_germplasm_committee_document_id], [crop_germplasm_committee_id], [url], [created_date], [created_by], [modified_date], [modified_by], [title]) VALUES (126, 19, N'https://www.ars-grin.gov/npgs/cgc_reports/newcropsmin2011.doc', NULL, NULL, NULL, NULL, N'2011 - New Crops CGC Minutes')
GO
INSERT [dbo].[crop_germplasm_committee_document] ([crop_germplasm_committee_document_id], [crop_germplasm_committee_id], [url], [created_date], [created_by], [modified_date], [modified_by], [title]) VALUES (127, 19, N'https://www.ars-grin.gov/npgs/cgc_reports/newcropsmin2015.docx', NULL, NULL, NULL, NULL, N'2015 - New Crops CGC Minutes')
GO
INSERT [dbo].[crop_germplasm_committee_document] ([crop_germplasm_committee_document_id], [crop_germplasm_committee_id], [url], [created_date], [created_by], [modified_date], [modified_by], [title]) VALUES (128, 43, N'https://www.ars-grin.gov/npgs/cgc_reports/npmc2005.html', NULL, NULL, NULL, NULL, N'2005 - National Plant Materials Report')
GO
INSERT [dbo].[crop_germplasm_committee_document] ([crop_germplasm_committee_document_id], [crop_germplasm_committee_id], [url], [created_date], [created_by], [modified_date], [modified_by], [title]) VALUES (129, 14, N'https://www.ars-grin.gov/npgs/cgc_reports/opgcrep2012.pdf', NULL, NULL, NULL, NULL, N'2012 - OPGC Report')
GO
INSERT [dbo].[crop_germplasm_committee_document] ([crop_germplasm_committee_document_id], [crop_germplasm_committee_id], [url], [created_date], [created_by], [modified_date], [modified_by], [title]) VALUES (130, 21, N'https://www.ars-grin.gov/npgs/cgc_reports/pea_and_cool_season_legume_cgc_minutes_2017.pdf', NULL, NULL, NULL, NULL, N'2017 - Pea & Cool Season Legume CGC Minutes')
GO
INSERT [dbo].[crop_germplasm_committee_document] ([crop_germplasm_committee_document_id], [crop_germplasm_committee_id], [url], [created_date], [created_by], [modified_date], [modified_by], [title]) VALUES (131, 22, N'https://www.ars-grin.gov/npgs/cgc_reports/PeanutCGCmin2014.docx', NULL, NULL, NULL, NULL, N'2014 - Peanut CGC Minutes')
GO
INSERT [dbo].[crop_germplasm_committee_document] ([crop_germplasm_committee_document_id], [crop_germplasm_committee_id], [url], [created_date], [created_by], [modified_date], [modified_by], [title]) VALUES (132, 22, N'https://www.ars-grin.gov/npgs/cgc_reports/PeanutCGGmin2012.docx', NULL, NULL, NULL, NULL, N'2012 - Peanut CGC Minutes')
GO
INSERT [dbo].[crop_germplasm_committee_document] ([crop_germplasm_committee_document_id], [crop_germplasm_committee_id], [url], [created_date], [created_by], [modified_date], [modified_by], [title]) VALUES (133, 22, N'https://www.ars-grin.gov/npgs/cgc_reports/Peanutmin2011.doc', NULL, NULL, NULL, NULL, N'2011 - Peanut CGC Minutes')
GO
INSERT [dbo].[crop_germplasm_committee_document] ([crop_germplasm_committee_document_id], [crop_germplasm_committee_id], [url], [created_date], [created_by], [modified_date], [modified_by], [title]) VALUES (134, 23, N'https://www.ars-grin.gov/npgs/cgc_reports/pepper_vulnerability_statement_2017.pdf', NULL, NULL, NULL, NULL, N'2017 - Capsicum Crop Vulnerability Statement')
GO
INSERT [dbo].[crop_germplasm_committee_document] ([crop_germplasm_committee_document_id], [crop_germplasm_committee_id], [url], [created_date], [created_by], [modified_date], [modified_by], [title]) VALUES (135, 24, N'https://www.ars-grin.gov/npgs/cgc_reports/phascgc.htm', NULL, NULL, NULL, NULL, N'1997 - Phaseolus CGC Report')
GO
INSERT [dbo].[crop_germplasm_committee_document] ([crop_germplasm_committee_document_id], [crop_germplasm_committee_id], [url], [created_date], [created_by], [modified_date], [modified_by], [title]) VALUES (136, 24, N'https://www.ars-grin.gov/npgs/cgc_reports/phaseoluscgc2006.html', NULL, NULL, NULL, NULL, N'2006 - Phaseolus CGC Minutes')
GO
INSERT [dbo].[crop_germplasm_committee_document] ([crop_germplasm_committee_document_id], [crop_germplasm_committee_id], [url], [created_date], [created_by], [modified_date], [modified_by], [title]) VALUES (137, 24, N'https://www.ars-grin.gov/npgs/cgc_reports/phaseolusmin2007.html', NULL, NULL, NULL, NULL, N'2007 - Phaseolus CGC Minutes')
GO
INSERT [dbo].[crop_germplasm_committee_document] ([crop_germplasm_committee_document_id], [crop_germplasm_committee_id], [url], [created_date], [created_by], [modified_date], [modified_by], [title]) VALUES (138, 24, N'https://www.ars-grin.gov/npgs/cgc_reports/phaseolusmin2013.doc', NULL, NULL, NULL, NULL, N'2013 - Phaseolus CGC Minutes')
GO
INSERT [dbo].[crop_germplasm_committee_document] ([crop_germplasm_committee_document_id], [crop_germplasm_committee_id], [url], [created_date], [created_by], [modified_date], [modified_by], [title]) VALUES (139, 24, N'https://www.ars-grin.gov/npgs/cgc_reports/phaseolusmin2014.docx', NULL, NULL, NULL, NULL, N'2014 - Phaseolus CGC Minutes')
GO
INSERT [dbo].[crop_germplasm_committee_document] ([crop_germplasm_committee_document_id], [crop_germplasm_committee_id], [url], [created_date], [created_by], [modified_date], [modified_by], [title]) VALUES (140, 24, N'https://www.ars-grin.gov/npgs/cgc_reports/phaseolusmin2015.docx', NULL, NULL, NULL, NULL, N'2015 - Phaseolus CGC Minutes')
GO
INSERT [dbo].[crop_germplasm_committee_document] ([crop_germplasm_committee_document_id], [crop_germplasm_committee_id], [url], [created_date], [created_by], [modified_date], [modified_by], [title]) VALUES (141, 24, N'https://www.ars-grin.gov/npgs/cgc_reports/phaseolusstatus2007.html', NULL, NULL, NULL, NULL, N'2007 - Phaseolus Vulnerability Statement')
GO
INSERT [dbo].[crop_germplasm_committee_document] ([crop_germplasm_committee_document_id], [crop_germplasm_committee_id], [url], [created_date], [created_by], [modified_date], [modified_by], [title]) VALUES (142, 21, N'https://www.ars-grin.gov/npgs/cgc_reports/pisum2005mins.html', NULL, NULL, NULL, NULL, N'2005 - Pea CGC Minutes')
GO
INSERT [dbo].[crop_germplasm_committee_document] ([crop_germplasm_committee_document_id], [crop_germplasm_committee_id], [url], [created_date], [created_by], [modified_date], [modified_by], [title]) VALUES (143, 22, N'https://www.ars-grin.gov/npgs/cgc_reports/pnut2010.doc', NULL, NULL, NULL, NULL, N'2010 - Peanut CGC Minutes')
GO
INSERT [dbo].[crop_germplasm_committee_document] ([crop_germplasm_committee_document_id], [crop_germplasm_committee_id], [url], [created_date], [created_by], [modified_date], [modified_by], [title]) VALUES (144, 25, N'https://www.ars-grin.gov/npgs/cgc_reports/potato_cgc_minutes_2018.pdf', NULL, NULL, NULL, NULL, N'2018 - Potato CGC Minutes')
GO
INSERT [dbo].[crop_germplasm_committee_document] ([crop_germplasm_committee_document_id], [crop_germplasm_committee_id], [url], [created_date], [created_by], [modified_date], [modified_by], [title]) VALUES (145, 25, N'https://www.ars-grin.gov/npgs/cgc_reports/potatomin1999to2016.pdf', NULL, NULL, NULL, NULL, N'1999 - 2016 Potato CGC Minutes')
GO
INSERT [dbo].[crop_germplasm_committee_document] ([crop_germplasm_committee_document_id], [crop_germplasm_committee_id], [url], [created_date], [created_by], [modified_date], [modified_by], [title]) VALUES (146, 25, N'https://www.ars-grin.gov/npgs/cgc_reports/potatomin2017.pdf', NULL, NULL, NULL, NULL, N'2017 - Potato CGC Minutes')
GO
INSERT [dbo].[crop_germplasm_committee_document] ([crop_germplasm_committee_document_id], [crop_germplasm_committee_id], [url], [created_date], [created_by], [modified_date], [modified_by], [title]) VALUES (147, 25, N'https://www.ars-grin.gov/npgs/cgc_reports/potatoscreeninggrants1992-2016.pdf', NULL, NULL, NULL, NULL, N'1992 - 2016 Potato CGC Screening GRANT History')
GO
INSERT [dbo].[crop_germplasm_committee_document] ([crop_germplasm_committee_document_id], [crop_germplasm_committee_id], [url], [created_date], [created_by], [modified_date], [modified_by], [title]) VALUES (148, 25, N'https://www.ars-grin.gov/npgs/cgc_reports/potatovuln2004.doc', NULL, NULL, NULL, NULL, N'2004 - Potato CGC Vulnerability Statement')
GO
INSERT [dbo].[crop_germplasm_committee_document] ([crop_germplasm_committee_document_id], [crop_germplasm_committee_id], [url], [created_date], [created_by], [modified_date], [modified_by], [title]) VALUES (149, 25, N'https://www.ars-grin.gov/npgs/cgc_reports/potatovuln2014.pdf', NULL, NULL, NULL, NULL, N'2014 - Potato CGC Vulnerability Statement')
GO
INSERT [dbo].[crop_germplasm_committee_document] ([crop_germplasm_committee_document_id], [crop_germplasm_committee_id], [url], [created_date], [created_by], [modified_date], [modified_by], [title]) VALUES (150, 26, N'https://www.ars-grin.gov/npgs/cgc_reports/prun2010.doc', NULL, NULL, NULL, NULL, N'2010 - Prunus Vulnerability Statement')
GO
INSERT [dbo].[crop_germplasm_committee_document] ([crop_germplasm_committee_document_id], [crop_germplasm_committee_id], [url], [created_date], [created_by], [modified_date], [modified_by], [title]) VALUES (151, 26, N'https://www.ars-grin.gov/npgs/cgc_reports/prunus_cgc_minutes_2018.pdf', NULL, NULL, NULL, NULL, N'2018 - Prunus CGC Minutes')
GO
INSERT [dbo].[crop_germplasm_committee_document] ([crop_germplasm_committee_document_id], [crop_germplasm_committee_id], [url], [created_date], [created_by], [modified_date], [modified_by], [title]) VALUES (152, 26, N'https://www.ars-grin.gov/npgs/cgc_reports/prunuscgcmins2007.html', NULL, NULL, NULL, NULL, N'2007 - Prunus CGC Minutes')
GO
INSERT [dbo].[crop_germplasm_committee_document] ([crop_germplasm_committee_document_id], [crop_germplasm_committee_id], [url], [created_date], [created_by], [modified_date], [modified_by], [title]) VALUES (153, 26, N'https://www.ars-grin.gov/npgs/cgc_reports/prunuscgcmins2016.pdf', NULL, NULL, NULL, NULL, N'2016 - Prunus CGC Minutes')
GO
INSERT [dbo].[crop_germplasm_committee_document] ([crop_germplasm_committee_document_id], [crop_germplasm_committee_id], [url], [created_date], [created_by], [modified_date], [modified_by], [title]) VALUES (154, 26, N'https://www.ars-grin.gov/npgs/cgc_reports/prunusvuln2017.pdf', NULL, NULL, NULL, NULL, N'2017 - Prunus Vulnerability Statement')
GO
INSERT [dbo].[crop_germplasm_committee_document] ([crop_germplasm_committee_document_id], [crop_germplasm_committee_id], [url], [created_date], [created_by], [modified_date], [modified_by], [title]) VALUES (155, 27, N'https://www.ars-grin.gov/npgs/cgc_reports/Pyrus_CGC_February_2007_Minutes.doc', NULL, NULL, NULL, NULL, N'2007 - Pyrus CGC Minutes')
GO
INSERT [dbo].[crop_germplasm_committee_document] ([crop_germplasm_committee_document_id], [crop_germplasm_committee_id], [url], [created_date], [created_by], [modified_date], [modified_by], [title]) VALUES (156, 27, N'https://www.ars-grin.gov/npgs/cgc_reports/Pyrus_CGC_February_2008_Minutes.doc', NULL, NULL, NULL, NULL, N'2008 - Pyrus CGC Minutes')
GO
INSERT [dbo].[crop_germplasm_committee_document] ([crop_germplasm_committee_document_id], [crop_germplasm_committee_id], [url], [created_date], [created_by], [modified_date], [modified_by], [title]) VALUES (157, 27, N'https://www.ars-grin.gov/npgs/cgc_reports/Pyrus_CGC_February_2011_Minutes.doc', NULL, NULL, NULL, NULL, N'2011 - Pyrus CGC Major Activities')
GO
INSERT [dbo].[crop_germplasm_committee_document] ([crop_germplasm_committee_document_id], [crop_germplasm_committee_id], [url], [created_date], [created_by], [modified_date], [modified_by], [title]) VALUES (158, 27, N'https://www.ars-grin.gov/npgs/cgc_reports/Pyrus_CGC_February_2013_Draft_Minutes1.docx', NULL, NULL, NULL, NULL, N'2013 - Pyrus CGC Minutes')
GO
INSERT [dbo].[crop_germplasm_committee_document] ([crop_germplasm_committee_document_id], [crop_germplasm_committee_id], [url], [created_date], [created_by], [modified_date], [modified_by], [title]) VALUES (159, 27, N'https://www.ars-grin.gov/npgs/cgc_reports/Pyrus_CGC_July_2009_Minutes.doc', NULL, NULL, NULL, NULL, N'2009 - Pyrus CGC Minutes')
GO
INSERT [dbo].[crop_germplasm_committee_document] ([crop_germplasm_committee_document_id], [crop_germplasm_committee_id], [url], [created_date], [created_by], [modified_date], [modified_by], [title]) VALUES (160, 27, N'https://www.ars-grin.gov/npgs/cgc_reports/Pyrus_CGC_July_2011_Minutes.docx', NULL, NULL, NULL, NULL, N'2011 - Pyrus CGC Minutes (July)')
GO
INSERT [dbo].[crop_germplasm_committee_document] ([crop_germplasm_committee_document_id], [crop_germplasm_committee_id], [url], [created_date], [created_by], [modified_date], [modified_by], [title]) VALUES (161, 27, N'https://www.ars-grin.gov/npgs/cgc_reports/Pyrus_CGC_Major_Activities_-_January_2011.doc', NULL, NULL, NULL, NULL, N'2011 - Pyrus CGC Minutes (February)')
GO
INSERT [dbo].[crop_germplasm_committee_document] ([crop_germplasm_committee_document_id], [crop_germplasm_committee_id], [url], [created_date], [created_by], [modified_date], [modified_by], [title]) VALUES (162, 27, N'https://www.ars-grin.gov/npgs/cgc_reports/Pyrus_CGC_November_2009_Conference_Call_Minutes.doc', NULL, NULL, NULL, NULL, N'2009 - Pyrus CGC Minutes')
GO
INSERT [dbo].[crop_germplasm_committee_document] ([crop_germplasm_committee_document_id], [crop_germplasm_committee_id], [url], [created_date], [created_by], [modified_date], [modified_by], [title]) VALUES (163, 27, N'https://www.ars-grin.gov/npgs/cgc_reports/PyrusCGCReport2004.pdf', NULL, NULL, NULL, NULL, N'2004 - Pyrus CGC Report')
GO
INSERT [dbo].[crop_germplasm_committee_document] ([crop_germplasm_committee_document_id], [crop_germplasm_committee_id], [url], [created_date], [created_by], [modified_date], [modified_by], [title]) VALUES (164, 29, N'https://www.ars-grin.gov/npgs/cgc_reports/RBVCGC07Minutes_update_2007-11-28.pdf', NULL, NULL, NULL, NULL, N'2007 - Root & Bulb Vegetable CGC Minutes')
GO
INSERT [dbo].[crop_germplasm_committee_document] ([crop_germplasm_committee_document_id], [crop_germplasm_committee_id], [url], [created_date], [created_by], [modified_date], [modified_by], [title]) VALUES (165, 29, N'https://www.ars-grin.gov/npgs/cgc_reports/rbvcgc08.pdf', NULL, NULL, NULL, NULL, N'2008 - Root & Bulb Vegetable CGC Minutes')
GO
INSERT [dbo].[crop_germplasm_committee_document] ([crop_germplasm_committee_document_id], [crop_germplasm_committee_id], [url], [created_date], [created_by], [modified_date], [modified_by], [title]) VALUES (166, 29, N'https://www.ars-grin.gov/npgs/cgc_reports/rbvcgc09.doc', NULL, NULL, NULL, NULL, N'2009 - Root & Bulb Vegetable CGC Minutes')
GO
INSERT [dbo].[crop_germplasm_committee_document] ([crop_germplasm_committee_document_id], [crop_germplasm_committee_id], [url], [created_date], [created_by], [modified_date], [modified_by], [title]) VALUES (167, 29, N'https://www.ars-grin.gov/npgs/cgc_reports/rbvcgc10.pdf', NULL, NULL, NULL, NULL, N'2010 - Root & Bulb Vegetable CGC Minutes')
GO
INSERT [dbo].[crop_germplasm_committee_document] ([crop_germplasm_committee_document_id], [crop_germplasm_committee_id], [url], [created_date], [created_by], [modified_date], [modified_by], [title]) VALUES (168, 29, N'https://www.ars-grin.gov/npgs/cgc_reports/rbvvuln05.docx', NULL, NULL, NULL, NULL, N'2005 - Root & Bulb Vegetable Crop Vulnerability Statement')
GO
INSERT [dbo].[crop_germplasm_committee_document] ([crop_germplasm_committee_document_id], [crop_germplasm_committee_id], [url], [created_date], [created_by], [modified_date], [modified_by], [title]) VALUES (169, 29, N'https://www.ars-grin.gov/npgs/cgc_reports/rbvvuln17.docx', NULL, NULL, NULL, NULL, N'2017 - Root & Bulb Vegetable Crop Vulnerability Statement')
GO
INSERT [dbo].[crop_germplasm_committee_document] ([crop_germplasm_committee_document_id], [crop_germplasm_committee_id], [url], [created_date], [created_by], [modified_date], [modified_by], [title]) VALUES (170, 30, N'https://www.ars-grin.gov/npgs/cgc_reports/Ribes_vulnerability_statement_2018nov.docx', NULL, NULL, NULL, NULL, N'2018 - Ribes Vulnerability Statement')
GO
INSERT [dbo].[crop_germplasm_committee_document] ([crop_germplasm_committee_document_id], [crop_germplasm_committee_id], [url], [created_date], [created_by], [modified_date], [modified_by], [title]) VALUES (171, 28, N'https://www.ars-grin.gov/npgs/cgc_reports/ricecgc97.html', NULL, NULL, NULL, NULL, N'1997 - Rice CGC Report')
GO
INSERT [dbo].[crop_germplasm_committee_document] ([crop_germplasm_committee_document_id], [crop_germplasm_committee_id], [url], [created_date], [created_by], [modified_date], [modified_by], [title]) VALUES (172, 28, N'https://www.ars-grin.gov/npgs/cgc_reports/ricecgcmins2007.html', NULL, NULL, NULL, NULL, N'2007 - Rice CGC Minutes')
GO
INSERT [dbo].[crop_germplasm_committee_document] ([crop_germplasm_committee_document_id], [crop_germplasm_committee_id], [url], [created_date], [created_by], [modified_date], [modified_by], [title]) VALUES (173, 28, N'https://www.ars-grin.gov/npgs/cgc_reports/ricemin2012.doc', NULL, NULL, NULL, NULL, N'2012 - Rice CGC Minutes')
GO
INSERT [dbo].[crop_germplasm_committee_document] ([crop_germplasm_committee_document_id], [crop_germplasm_committee_id], [url], [created_date], [created_by], [modified_date], [modified_by], [title]) VALUES (174, 29, N'https://www.ars-grin.gov/npgs/cgc_reports/root&bulb2012min.pdf', NULL, NULL, NULL, NULL, N'2012 - Root & Bulb Vegetable CGC Minutes')
GO
INSERT [dbo].[crop_germplasm_committee_document] ([crop_germplasm_committee_document_id], [crop_germplasm_committee_id], [url], [created_date], [created_by], [modified_date], [modified_by], [title]) VALUES (175, 30, N'https://www.ars-grin.gov/npgs/cgc_reports/Rubus_2017_CVS_QUAD_TEMPLATE_v2_2018feb13.ppt', NULL, NULL, NULL, NULL, N'2017 - Rubus QUAD Chart')
GO
INSERT [dbo].[crop_germplasm_committee_document] ([crop_germplasm_committee_document_id], [crop_germplasm_committee_id], [url], [created_date], [created_by], [modified_date], [modified_by], [title]) VALUES (176, 30, N'https://www.ars-grin.gov/npgs/cgc_reports/rubusvuln2015.docx', NULL, NULL, NULL, NULL, N'2015 - Rubus Crop Vulnerability Statement')
GO
INSERT [dbo].[crop_germplasm_committee_document] ([crop_germplasm_committee_document_id], [crop_germplasm_committee_id], [url], [created_date], [created_by], [modified_date], [modified_by], [title]) VALUES (177, 35, N'https://www.ars-grin.gov/npgs/cgc_reports/scane08.doc', NULL, NULL, NULL, NULL, N'2008 - Sugarcane CGC Minutes')
GO
INSERT [dbo].[crop_germplasm_committee_document] ([crop_germplasm_committee_document_id], [crop_germplasm_committee_id], [url], [created_date], [created_by], [modified_date], [modified_by], [title]) VALUES (178, 35, N'https://www.ars-grin.gov/npgs/cgc_reports/scane09.doc', NULL, NULL, NULL, NULL, N'2009 - Sugarcane CGC Minutes')
GO
INSERT [dbo].[crop_germplasm_committee_document] ([crop_germplasm_committee_document_id], [crop_germplasm_committee_id], [url], [created_date], [created_by], [modified_date], [modified_by], [title]) VALUES (179, 35, N'https://www.ars-grin.gov/npgs/cgc_reports/scane10.doc', NULL, NULL, NULL, NULL, N'2010 - Sugarcane CGC Minutes')
GO
INSERT [dbo].[crop_germplasm_committee_document] ([crop_germplasm_committee_document_id], [crop_germplasm_committee_id], [url], [created_date], [created_by], [modified_date], [modified_by], [title]) VALUES (180, 30, N'https://www.ars-grin.gov/npgs/cgc_reports/SFCGCevalpriorities.doc', NULL, NULL, NULL, NULL, N'2006 - Small Fruits CGC Evaluation Priorities')
GO
INSERT [dbo].[crop_germplasm_committee_document] ([crop_germplasm_committee_document_id], [crop_germplasm_committee_id], [url], [created_date], [created_by], [modified_date], [modified_by], [title]) VALUES (181, 30, N'https://www.ars-grin.gov/npgs/cgc_reports/SFCGCevalpriorities2016.doc', NULL, NULL, NULL, NULL, N'2016 - Small Fruits Evaluation Priorities')
GO
INSERT [dbo].[crop_germplasm_committee_document] ([crop_germplasm_committee_document_id], [crop_germplasm_committee_id], [url], [created_date], [created_by], [modified_date], [modified_by], [title]) VALUES (182, 30, N'https://www.ars-grin.gov/npgs/cgc_reports/sfruit08.docx', NULL, NULL, NULL, NULL, N'2008 - Small Fruits CGC Minutes')
GO
INSERT [dbo].[crop_germplasm_committee_document] ([crop_germplasm_committee_document_id], [crop_germplasm_committee_id], [url], [created_date], [created_by], [modified_date], [modified_by], [title]) VALUES (183, 30, N'https://www.ars-grin.gov/npgs/cgc_reports/sfruit09.doc', NULL, NULL, NULL, NULL, N'2009 - Small Fruits CGC Minutes')
GO
INSERT [dbo].[crop_germplasm_committee_document] ([crop_germplasm_committee_document_id], [crop_germplasm_committee_id], [url], [created_date], [created_by], [modified_date], [modified_by], [title]) VALUES (184, 30, N'https://www.ars-grin.gov/npgs/cgc_reports/sfruit10.doc', NULL, NULL, NULL, NULL, N'2010 - Small Fruits CGC Minutes')
GO
INSERT [dbo].[crop_germplasm_committee_document] ([crop_germplasm_committee_document_id], [crop_germplasm_committee_id], [url], [created_date], [created_by], [modified_date], [modified_by], [title]) VALUES (185, 30, N'https://www.ars-grin.gov/npgs/cgc_reports/sfruitmin2011.doc', NULL, NULL, NULL, NULL, N'2011 - Small Fruits CGC Minutes')
GO
INSERT [dbo].[crop_germplasm_committee_document] ([crop_germplasm_committee_document_id], [crop_germplasm_committee_id], [url], [created_date], [created_by], [modified_date], [modified_by], [title]) VALUES (186, 30, N'https://www.ars-grin.gov/npgs/cgc_reports/sfruitmin2012.docx', NULL, NULL, NULL, NULL, N'2012 - Small Fruits CGC Minutes')
GO
INSERT [dbo].[crop_germplasm_committee_document] ([crop_germplasm_committee_document_id], [crop_germplasm_committee_id], [url], [created_date], [created_by], [modified_date], [modified_by], [title]) VALUES (187, 30, N'https://www.ars-grin.gov/npgs/cgc_reports/sfruitmin2013.docx', NULL, NULL, NULL, NULL, N'2013 - Small Fruits CGC Minutes')
GO
INSERT [dbo].[crop_germplasm_committee_document] ([crop_germplasm_committee_document_id], [crop_germplasm_committee_id], [url], [created_date], [created_by], [modified_date], [modified_by], [title]) VALUES (188, 30, N'https://www.ars-grin.gov/npgs/cgc_reports/sfruitmin2014.docx', NULL, NULL, NULL, NULL, N'2014 - Small Fruits CGC Minutes')
GO
INSERT [dbo].[crop_germplasm_committee_document] ([crop_germplasm_committee_document_id], [crop_germplasm_committee_id], [url], [created_date], [created_by], [modified_date], [modified_by], [title]) VALUES (189, 30, N'https://www.ars-grin.gov/npgs/cgc_reports/sfruitmin2015.docx', NULL, NULL, NULL, NULL, N'2015 - Small Fruits CGC Minutes')
GO
INSERT [dbo].[crop_germplasm_committee_document] ([crop_germplasm_committee_document_id], [crop_germplasm_committee_id], [url], [created_date], [created_by], [modified_date], [modified_by], [title]) VALUES (190, 30, N'https://www.ars-grin.gov/npgs/cgc_reports/sfruitmin2016.docx', NULL, NULL, NULL, NULL, N'2016 - Small Fruits CGC Minutes')
GO
INSERT [dbo].[crop_germplasm_committee_document] ([crop_germplasm_committee_document_id], [crop_germplasm_committee_id], [url], [created_date], [created_by], [modified_date], [modified_by], [title]) VALUES (191, 31, N'https://www.ars-grin.gov/npgs/cgc_reports/SGCMinutes022105.pdf', NULL, NULL, NULL, NULL, N'2005 - Sorghum CGC Minutes')
GO
INSERT [dbo].[crop_germplasm_committee_document] ([crop_germplasm_committee_document_id], [crop_germplasm_committee_id], [url], [created_date], [created_by], [modified_date], [modified_by], [title]) VALUES (192, 30, N'https://www.ars-grin.gov/npgs/cgc_reports/small_fruit_cgc_minutes2017.docx', NULL, NULL, NULL, NULL, N'2017 - Small Fruits CGC Minutes')
GO
INSERT [dbo].[crop_germplasm_committee_document] ([crop_germplasm_committee_document_id], [crop_germplasm_committee_id], [url], [created_date], [created_by], [modified_date], [modified_by], [title]) VALUES (193, 30, N'https://www.ars-grin.gov/npgs/cgc_reports/small_fruits_cgc_eval_priorities_2017.doc', NULL, NULL, NULL, NULL, N'2017 - Small Fruits Evaluation Priorities')
GO
INSERT [dbo].[crop_germplasm_committee_document] ([crop_germplasm_committee_document_id], [crop_germplasm_committee_id], [url], [created_date], [created_by], [modified_date], [modified_by], [title]) VALUES (194, 30, N'https://www.ars-grin.gov/npgs/cgc_reports/small_fruits_minutes_2018.docx', NULL, NULL, NULL, NULL, N'2018 -- Small Fruits CGC Minutes')
GO
INSERT [dbo].[crop_germplasm_committee_document] ([crop_germplasm_committee_document_id], [crop_germplasm_committee_id], [url], [created_date], [created_by], [modified_date], [modified_by], [title]) VALUES (195, 30, N'https://www.ars-grin.gov/npgs/cgc_reports/smallfrt.htm', NULL, NULL, NULL, NULL, N'2000 - Small Fruits Vulnerability Statement')
GO
INSERT [dbo].[crop_germplasm_committee_document] ([crop_germplasm_committee_document_id], [crop_germplasm_committee_id], [url], [created_date], [created_by], [modified_date], [modified_by], [title]) VALUES (196, 30, N'https://www.ars-grin.gov/npgs/cgc_reports/smallfrts07min.html', NULL, NULL, NULL, NULL, N'2007 - Small Fruits CGC Minutes')
GO
INSERT [dbo].[crop_germplasm_committee_document] ([crop_germplasm_committee_document_id], [crop_germplasm_committee_id], [url], [created_date], [created_by], [modified_date], [modified_by], [title]) VALUES (197, 31, N'https://www.ars-grin.gov/npgs/cgc_reports/sorg09.doc', NULL, NULL, NULL, NULL, N'2009 - Sorghum CGC Minutes')
GO
INSERT [dbo].[crop_germplasm_committee_document] ([crop_germplasm_committee_document_id], [crop_germplasm_committee_id], [url], [created_date], [created_by], [modified_date], [modified_by], [title]) VALUES (198, 31, N'https://www.ars-grin.gov/npgs/cgc_reports/sorgcgcrpt08.doc', NULL, NULL, NULL, NULL, N'2008 - Sorghum & Millet Crop Vulnerability Statement')
GO
INSERT [dbo].[crop_germplasm_committee_document] ([crop_germplasm_committee_document_id], [crop_germplasm_committee_id], [url], [created_date], [created_by], [modified_date], [modified_by], [title]) VALUES (199, 31, N'https://www.ars-grin.gov/npgs/cgc_reports/sorghum_cgc_minutes_2018.pdf', NULL, NULL, NULL, NULL, N'2018 - Sorghum CGC Minutes')
GO
INSERT [dbo].[crop_germplasm_committee_document] ([crop_germplasm_committee_document_id], [crop_germplasm_committee_id], [url], [created_date], [created_by], [modified_date], [modified_by], [title]) VALUES (200, 31, N'https://www.ars-grin.gov/npgs/cgc_reports/sorghummillet2007.html', NULL, NULL, NULL, NULL, N'2007 - Sorghum CGC Minutes')
GO
INSERT [dbo].[crop_germplasm_committee_document] ([crop_germplasm_committee_document_id], [crop_germplasm_committee_id], [url], [created_date], [created_by], [modified_date], [modified_by], [title]) VALUES (201, 31, N'https://www.ars-grin.gov/npgs/cgc_reports/sorghummins2006.html', NULL, NULL, NULL, NULL, N'2006 - Sorghum CGC Minutes')
GO
INSERT [dbo].[crop_germplasm_committee_document] ([crop_germplasm_committee_document_id], [crop_germplasm_committee_id], [url], [created_date], [created_by], [modified_date], [modified_by], [title]) VALUES (202, 31, N'https://www.ars-grin.gov/npgs/cgc_reports/sorgmin08.pdf', NULL, NULL, NULL, NULL, N'2008 - Sorghum CGC Minutes')
GO
INSERT [dbo].[crop_germplasm_committee_document] ([crop_germplasm_committee_document_id], [crop_germplasm_committee_id], [url], [created_date], [created_by], [modified_date], [modified_by], [title]) VALUES (203, 31, N'https://www.ars-grin.gov/npgs/cgc_reports/sorgmin2015.docx', NULL, NULL, NULL, NULL, N'2015 - Sorghum CGC Minutes')
GO
INSERT [dbo].[crop_germplasm_committee_document] ([crop_germplasm_committee_document_id], [crop_germplasm_committee_id], [url], [created_date], [created_by], [modified_date], [modified_by], [title]) VALUES (204, 32, N'https://www.ars-grin.gov/npgs/cgc_reports/soybeanminutes2001.pdf', NULL, NULL, NULL, NULL, N'2001 - Soybean CGC Minutes')
GO
INSERT [dbo].[crop_germplasm_committee_document] ([crop_germplasm_committee_document_id], [crop_germplasm_committee_id], [url], [created_date], [created_by], [modified_date], [modified_by], [title]) VALUES (205, 32, N'https://www.ars-grin.gov/npgs/cgc_reports/soybeanminutes2005.pdf', NULL, NULL, NULL, NULL, N'2005 - Soybean CGC Minutes')
GO
INSERT [dbo].[crop_germplasm_committee_document] ([crop_germplasm_committee_document_id], [crop_germplasm_committee_id], [url], [created_date], [created_by], [modified_date], [modified_by], [title]) VALUES (206, 32, N'https://www.ars-grin.gov/npgs/cgc_reports/soybeanminutes2006.html', NULL, NULL, NULL, NULL, N'2006 - Soybean CGC Minutes')
GO
INSERT [dbo].[crop_germplasm_committee_document] ([crop_germplasm_committee_document_id], [crop_germplasm_committee_id], [url], [created_date], [created_by], [modified_date], [modified_by], [title]) VALUES (207, 32, N'https://www.ars-grin.gov/npgs/cgc_reports/soybeanminutes2007.html', NULL, NULL, NULL, NULL, N'2007 - Soybean CGC Minutes')
GO
INSERT [dbo].[crop_germplasm_committee_document] ([crop_germplasm_committee_document_id], [crop_germplasm_committee_id], [url], [created_date], [created_by], [modified_date], [modified_by], [title]) VALUES (208, 32, N'https://www.ars-grin.gov/npgs/cgc_reports/soybeanminutes2008.pdf', NULL, NULL, NULL, NULL, N'2008 - Soybean CGC Minutes')
GO
INSERT [dbo].[crop_germplasm_committee_document] ([crop_germplasm_committee_document_id], [crop_germplasm_committee_id], [url], [created_date], [created_by], [modified_date], [modified_by], [title]) VALUES (209, 32, N'https://www.ars-grin.gov/npgs/cgc_reports/soybeanminutes2009.pdf', NULL, NULL, NULL, NULL, N'2009 - Soybean CGC Minutes')
GO
INSERT [dbo].[crop_germplasm_committee_document] ([crop_germplasm_committee_document_id], [crop_germplasm_committee_id], [url], [created_date], [created_by], [modified_date], [modified_by], [title]) VALUES (210, 32, N'https://www.ars-grin.gov/npgs/cgc_reports/soybeanminutes2011.pdf', NULL, NULL, NULL, NULL, N'2011 - Soybean CGC Minutes')
GO
INSERT [dbo].[crop_germplasm_committee_document] ([crop_germplasm_committee_document_id], [crop_germplasm_committee_id], [url], [created_date], [created_by], [modified_date], [modified_by], [title]) VALUES (211, 32, N'https://www.ars-grin.gov/npgs/cgc_reports/soybeanminutes2012.pdf', NULL, NULL, NULL, NULL, N'2012 - Soybean CGC Minutes')
GO
INSERT [dbo].[crop_germplasm_committee_document] ([crop_germplasm_committee_document_id], [crop_germplasm_committee_id], [url], [created_date], [created_by], [modified_date], [modified_by], [title]) VALUES (212, 32, N'https://www.ars-grin.gov/npgs/cgc_reports/soybeanminutes2013.pdf', NULL, NULL, NULL, NULL, N'2013 - Soybean CGC Minutes')
GO
INSERT [dbo].[crop_germplasm_committee_document] ([crop_germplasm_committee_document_id], [crop_germplasm_committee_id], [url], [created_date], [created_by], [modified_date], [modified_by], [title]) VALUES (213, 32, N'https://www.ars-grin.gov/npgs/cgc_reports/soybeanminutes2014.pdf', NULL, NULL, NULL, NULL, N'2014 - Soybean CGC Minutes')
GO
INSERT [dbo].[crop_germplasm_committee_document] ([crop_germplasm_committee_document_id], [crop_germplasm_committee_id], [url], [created_date], [created_by], [modified_date], [modified_by], [title]) VALUES (214, 32, N'https://www.ars-grin.gov/npgs/cgc_reports/soybeanminutes2015.pdf', NULL, NULL, NULL, NULL, N'2015 - Soybean CGC Minutes')
GO
INSERT [dbo].[crop_germplasm_committee_document] ([crop_germplasm_committee_document_id], [crop_germplasm_committee_id], [url], [created_date], [created_by], [modified_date], [modified_by], [title]) VALUES (215, 32, N'https://www.ars-grin.gov/npgs/cgc_reports/soybeanminutes2016.pdf', NULL, NULL, NULL, NULL, N'2016 - Soybean CGC Minutes')
GO
INSERT [dbo].[crop_germplasm_committee_document] ([crop_germplasm_committee_document_id], [crop_germplasm_committee_id], [url], [created_date], [created_by], [modified_date], [modified_by], [title]) VALUES (216, 32, N'https://www.ars-grin.gov/npgs/cgc_reports/soybeanminutes2017.pdf', NULL, NULL, NULL, NULL, N'2017 - Soybean CGC Minutes')
GO
INSERT [dbo].[crop_germplasm_committee_document] ([crop_germplasm_committee_document_id], [crop_germplasm_committee_id], [url], [created_date], [created_by], [modified_date], [modified_by], [title]) VALUES (217, 32, N'https://www.ars-grin.gov/npgs/cgc_reports/soybeanstatus1992.pdf', NULL, NULL, NULL, NULL, N'1992 - Soybean CGC Report')
GO
INSERT [dbo].[crop_germplasm_committee_document] ([crop_germplasm_committee_document_id], [crop_germplasm_committee_id], [url], [created_date], [created_by], [modified_date], [modified_by], [title]) VALUES (218, 32, N'https://www.ars-grin.gov/npgs/cgc_reports/soybeanstatus1993.pdf', NULL, NULL, NULL, NULL, N'1993 - Soybean CGC Report')
GO
INSERT [dbo].[crop_germplasm_committee_document] ([crop_germplasm_committee_document_id], [crop_germplasm_committee_id], [url], [created_date], [created_by], [modified_date], [modified_by], [title]) VALUES (219, 32, N'https://www.ars-grin.gov/npgs/cgc_reports/soybeanstatus1994.pdf', NULL, NULL, NULL, NULL, N'1994 - Soybean CGC Report')
GO
INSERT [dbo].[crop_germplasm_committee_document] ([crop_germplasm_committee_document_id], [crop_germplasm_committee_id], [url], [created_date], [created_by], [modified_date], [modified_by], [title]) VALUES (220, 32, N'https://www.ars-grin.gov/npgs/cgc_reports/soybeanstatus1995.pdf', NULL, NULL, NULL, NULL, N'1995 - Soybean CGC Report')
GO
INSERT [dbo].[crop_germplasm_committee_document] ([crop_germplasm_committee_document_id], [crop_germplasm_committee_id], [url], [created_date], [created_by], [modified_date], [modified_by], [title]) VALUES (221, 32, N'https://www.ars-grin.gov/npgs/cgc_reports/soybeanstatus1996.htm', NULL, NULL, NULL, NULL, N'1996 - Soybean CGC Report')
GO
INSERT [dbo].[crop_germplasm_committee_document] ([crop_germplasm_committee_document_id], [crop_germplasm_committee_id], [url], [created_date], [created_by], [modified_date], [modified_by], [title]) VALUES (222, 32, N'https://www.ars-grin.gov/npgs/cgc_reports/soybeanstatus1997.pdf', NULL, NULL, NULL, NULL, N'1997 - Soybean CGC Report')
GO
INSERT [dbo].[crop_germplasm_committee_document] ([crop_germplasm_committee_document_id], [crop_germplasm_committee_id], [url], [created_date], [created_by], [modified_date], [modified_by], [title]) VALUES (223, 32, N'https://www.ars-grin.gov/npgs/cgc_reports/soybeanstatus1998.pdf', NULL, NULL, NULL, NULL, N'1998 - Soybean CGC Report')
GO
INSERT [dbo].[crop_germplasm_committee_document] ([crop_germplasm_committee_document_id], [crop_germplasm_committee_id], [url], [created_date], [created_by], [modified_date], [modified_by], [title]) VALUES (224, 32, N'https://www.ars-grin.gov/npgs/cgc_reports/soybeanstatus2000.pdf', NULL, NULL, NULL, NULL, N'2000 - Soybean CGC Report')
GO
INSERT [dbo].[crop_germplasm_committee_document] ([crop_germplasm_committee_document_id], [crop_germplasm_committee_id], [url], [created_date], [created_by], [modified_date], [modified_by], [title]) VALUES (225, 32, N'https://www.ars-grin.gov/npgs/cgc_reports/soybeanstatus2001.pdf', NULL, NULL, NULL, NULL, N'2001 - Soybean CGC Report')
GO
INSERT [dbo].[crop_germplasm_committee_document] ([crop_germplasm_committee_document_id], [crop_germplasm_committee_id], [url], [created_date], [created_by], [modified_date], [modified_by], [title]) VALUES (226, 32, N'https://www.ars-grin.gov/npgs/cgc_reports/soybeanstatus2002.pdf', NULL, NULL, NULL, NULL, N'2002 - Soybean CGC Report')
GO
INSERT [dbo].[crop_germplasm_committee_document] ([crop_germplasm_committee_document_id], [crop_germplasm_committee_id], [url], [created_date], [created_by], [modified_date], [modified_by], [title]) VALUES (227, 32, N'https://www.ars-grin.gov/npgs/cgc_reports/soybeanstatus2003.pdf', NULL, NULL, NULL, NULL, N'2003 - Soybean CGC Report')
GO
INSERT [dbo].[crop_germplasm_committee_document] ([crop_germplasm_committee_document_id], [crop_germplasm_committee_id], [url], [created_date], [created_by], [modified_date], [modified_by], [title]) VALUES (228, 32, N'https://www.ars-grin.gov/npgs/cgc_reports/soybeanstatus2004.pdf', NULL, NULL, NULL, NULL, N'2004 - Soybean CGC Report')
GO
INSERT [dbo].[crop_germplasm_committee_document] ([crop_germplasm_committee_document_id], [crop_germplasm_committee_id], [url], [created_date], [created_by], [modified_date], [modified_by], [title]) VALUES (229, 32, N'https://www.ars-grin.gov/npgs/cgc_reports/soybeanstatus2005.pdf', NULL, NULL, NULL, NULL, N'2005 - Soybean CGC Report')
GO
INSERT [dbo].[crop_germplasm_committee_document] ([crop_germplasm_committee_document_id], [crop_germplasm_committee_id], [url], [created_date], [created_by], [modified_date], [modified_by], [title]) VALUES (230, 32, N'https://www.ars-grin.gov/npgs/cgc_reports/soybeanstatus2006.pdf', NULL, NULL, NULL, NULL, N'2006 - Soybean CGC Report')
GO
INSERT [dbo].[crop_germplasm_committee_document] ([crop_germplasm_committee_document_id], [crop_germplasm_committee_id], [url], [created_date], [created_by], [modified_date], [modified_by], [title]) VALUES (231, 32, N'https://www.ars-grin.gov/npgs/cgc_reports/soybeanstatus2007.pdf', NULL, NULL, NULL, NULL, N'2007 - Soybean CGC Report')
GO
INSERT [dbo].[crop_germplasm_committee_document] ([crop_germplasm_committee_document_id], [crop_germplasm_committee_id], [url], [created_date], [created_by], [modified_date], [modified_by], [title]) VALUES (232, 32, N'https://www.ars-grin.gov/npgs/cgc_reports/soybeanstatus2008.pdf', NULL, NULL, NULL, NULL, N'2008 - Soybean CGC Report')
GO
INSERT [dbo].[crop_germplasm_committee_document] ([crop_germplasm_committee_document_id], [crop_germplasm_committee_id], [url], [created_date], [created_by], [modified_date], [modified_by], [title]) VALUES (233, 32, N'https://www.ars-grin.gov/npgs/cgc_reports/soybeanstatus2009.pdf', NULL, NULL, NULL, NULL, N'2009 - Soybean CGC Report')
GO
INSERT [dbo].[crop_germplasm_committee_document] ([crop_germplasm_committee_document_id], [crop_germplasm_committee_id], [url], [created_date], [created_by], [modified_date], [modified_by], [title]) VALUES (234, 32, N'https://www.ars-grin.gov/npgs/cgc_reports/soybeanstatus2010.pdf', NULL, NULL, NULL, NULL, N'2010 - Soybean CGC Report')
GO
INSERT [dbo].[crop_germplasm_committee_document] ([crop_germplasm_committee_document_id], [crop_germplasm_committee_id], [url], [created_date], [created_by], [modified_date], [modified_by], [title]) VALUES (235, 32, N'https://www.ars-grin.gov/npgs/cgc_reports/soybeanstatus2011.pdf', NULL, NULL, NULL, NULL, N'2011 - Soybean CGC Report')
GO
INSERT [dbo].[crop_germplasm_committee_document] ([crop_germplasm_committee_document_id], [crop_germplasm_committee_id], [url], [created_date], [created_by], [modified_date], [modified_by], [title]) VALUES (236, 32, N'https://www.ars-grin.gov/npgs/cgc_reports/soybeanstatus2012.pdf', NULL, NULL, NULL, NULL, N'2012 - Soybean CGC Report')
GO
INSERT [dbo].[crop_germplasm_committee_document] ([crop_germplasm_committee_document_id], [crop_germplasm_committee_id], [url], [created_date], [created_by], [modified_date], [modified_by], [title]) VALUES (237, 32, N'https://www.ars-grin.gov/npgs/cgc_reports/soybeanstatus2013.pdf', NULL, NULL, NULL, NULL, N'2013 - Soybean CGC Report')
GO
INSERT [dbo].[crop_germplasm_committee_document] ([crop_germplasm_committee_document_id], [crop_germplasm_committee_id], [url], [created_date], [created_by], [modified_date], [modified_by], [title]) VALUES (238, 32, N'https://www.ars-grin.gov/npgs/cgc_reports/soybeanstatus2014.pdf', NULL, NULL, NULL, NULL, N'2014 - Soybean CGC Report')
GO
INSERT [dbo].[crop_germplasm_committee_document] ([crop_germplasm_committee_document_id], [crop_germplasm_committee_id], [url], [created_date], [created_by], [modified_date], [modified_by], [title]) VALUES (239, 32, N'https://www.ars-grin.gov/npgs/cgc_reports/soybeanstatus2015.pdf', NULL, NULL, NULL, NULL, N'2015 - Soybean CGC Report')
GO
INSERT [dbo].[crop_germplasm_committee_document] ([crop_germplasm_committee_document_id], [crop_germplasm_committee_id], [url], [created_date], [created_by], [modified_date], [modified_by], [title]) VALUES (240, 32, N'https://www.ars-grin.gov/npgs/cgc_reports/soybeanstatus2016.pdf', NULL, NULL, NULL, NULL, N'2016 - Soybean CGC Report')
GO
INSERT [dbo].[crop_germplasm_committee_document] ([crop_germplasm_committee_document_id], [crop_germplasm_committee_id], [url], [created_date], [created_by], [modified_date], [modified_by], [title]) VALUES (241, 32, N'https://www.ars-grin.gov/npgs/cgc_reports/soybeanstatus2017.pdf', NULL, NULL, NULL, NULL, N'2017 - Soybean CGC Report')
GO
INSERT [dbo].[crop_germplasm_committee_document] ([crop_germplasm_committee_document_id], [crop_germplasm_committee_id], [url], [created_date], [created_by], [modified_date], [modified_by], [title]) VALUES (242, 33, N'https://www.ars-grin.gov/npgs/cgc_reports/specnut2008.doc', NULL, NULL, NULL, NULL, N'2008 Specialty Nut Crops CGC Minutes ')
GO
INSERT [dbo].[crop_germplasm_committee_document] ([crop_germplasm_committee_document_id], [crop_germplasm_committee_id], [url], [created_date], [created_by], [modified_date], [modified_by], [title]) VALUES (243, 33, N'https://www.ars-grin.gov/npgs/cgc_reports/spnut09.doc', NULL, NULL, NULL, NULL, N'2009 Specialty Nut Crops CGC Minutes ')
GO
INSERT [dbo].[crop_germplasm_committee_document] ([crop_germplasm_committee_document_id], [crop_germplasm_committee_id], [url], [created_date], [created_by], [modified_date], [modified_by], [title]) VALUES (244, 9, N'https://www.ars-grin.gov/npgs/cgc_reports/squash95.pdf', NULL, NULL, NULL, NULL, N'1995 - Squash & Pumpkin Vulnerability Statement')
GO
INSERT [dbo].[crop_germplasm_committee_document] ([crop_germplasm_committee_document_id], [crop_germplasm_committee_id], [url], [created_date], [created_by], [modified_date], [modified_by], [title]) VALUES (245, 22, N'https://www.ars-grin.gov/npgs/cgc_reports/Status11.pdf', NULL, NULL, NULL, NULL, N'2004 - Arachis Vulnerability Statement')
GO
INSERT [dbo].[crop_germplasm_committee_document] ([crop_germplasm_committee_document_id], [crop_germplasm_committee_id], [url], [created_date], [created_by], [modified_date], [modified_by], [title]) VALUES (246, 30, N'https://www.ars-grin.gov/npgs/cgc_reports/strawberry_2017_CVS_QUAD_TEMPLATE_v2_2018feb13.ppt', NULL, NULL, NULL, NULL, N'2017 - Strawberry QUAD Chart')
GO
INSERT [dbo].[crop_germplasm_committee_document] ([crop_germplasm_committee_document_id], [crop_germplasm_committee_id], [url], [created_date], [created_by], [modified_date], [modified_by], [title]) VALUES (247, 30, N'https://www.ars-grin.gov/npgs/cgc_reports/strawberry_vulnerability_statement_2017.pdf', NULL, NULL, NULL, NULL, N'2017 - Strawberry Crop Vulnerability Statement')
GO
INSERT [dbo].[crop_germplasm_committee_document] ([crop_germplasm_committee_document_id], [crop_germplasm_committee_id], [url], [created_date], [created_by], [modified_date], [modified_by], [title]) VALUES (248, 30, N'https://www.ars-grin.gov/npgs/cgc_reports/strawberryvuln2013.docx', NULL, NULL, NULL, NULL, N'2013 - Strawberry Crop Vulnerability Statement')
GO
INSERT [dbo].[crop_germplasm_committee_document] ([crop_germplasm_committee_document_id], [crop_germplasm_committee_id], [url], [created_date], [created_by], [modified_date], [modified_by], [title]) VALUES (249, 35, N'https://www.ars-grin.gov/npgs/cgc_reports/sugar.html', NULL, NULL, NULL, NULL, N'1996 - Sugarcane CGC Report')
GO
INSERT [dbo].[crop_germplasm_committee_document] ([crop_germplasm_committee_document_id], [crop_germplasm_committee_id], [url], [created_date], [created_by], [modified_date], [modified_by], [title]) VALUES (250, 34, N'https://www.ars-grin.gov/npgs/cgc_reports/sugarbeet_vulnerability_statement_2017.pdf', NULL, NULL, NULL, NULL, N'2017 - Sugarbeet Vulnerability Statement')
GO
INSERT [dbo].[crop_germplasm_committee_document] ([crop_germplasm_committee_document_id], [crop_germplasm_committee_id], [url], [created_date], [created_by], [modified_date], [modified_by], [title]) VALUES (251, 34, N'https://www.ars-grin.gov/npgs/cgc_reports/sugarbeet09.pdf', NULL, NULL, NULL, NULL, N'2009 - Sugarbeet CGC Minutes')
GO
INSERT [dbo].[crop_germplasm_committee_document] ([crop_germplasm_committee_document_id], [crop_germplasm_committee_id], [url], [created_date], [created_by], [modified_date], [modified_by], [title]) VALUES (252, 34, N'https://www.ars-grin.gov/npgs/cgc_reports/sugarbeet11.pdf', NULL, NULL, NULL, NULL, N'2011 - Sugarbeet CGC Minutes')
GO
INSERT [dbo].[crop_germplasm_committee_document] ([crop_germplasm_committee_document_id], [crop_germplasm_committee_id], [url], [created_date], [created_by], [modified_date], [modified_by], [title]) VALUES (253, 34, N'https://www.ars-grin.gov/npgs/cgc_reports/sugarbeet13.pdf', NULL, NULL, NULL, NULL, N'2013 - Sugarbeet CGC Minutes')
GO
INSERT [dbo].[crop_germplasm_committee_document] ([crop_germplasm_committee_document_id], [crop_germplasm_committee_id], [url], [created_date], [created_by], [modified_date], [modified_by], [title]) VALUES (254, 34, N'https://www.ars-grin.gov/npgs/cgc_reports/sugarbeet15.pdf', NULL, NULL, NULL, NULL, N'2015 - Sugarbeet CGC Minutes')
GO
INSERT [dbo].[crop_germplasm_committee_document] ([crop_germplasm_committee_document_id], [crop_germplasm_committee_id], [url], [created_date], [created_by], [modified_date], [modified_by], [title]) VALUES (255, 34, N'https://www.ars-grin.gov/npgs/cgc_reports/sugarbeet17.pdf', NULL, NULL, NULL, NULL, N'2017 - Sugarbeet CGC Minutes')
GO
INSERT [dbo].[crop_germplasm_committee_document] ([crop_germplasm_committee_document_id], [crop_germplasm_committee_id], [url], [created_date], [created_by], [modified_date], [modified_by], [title]) VALUES (256, 35, N'https://www.ars-grin.gov/npgs/cgc_reports/sugarcane2006mins.html', NULL, NULL, NULL, NULL, N'2006 - Sugarcane CGC Minutes')
GO
INSERT [dbo].[crop_germplasm_committee_document] ([crop_germplasm_committee_document_id], [crop_germplasm_committee_id], [url], [created_date], [created_by], [modified_date], [modified_by], [title]) VALUES (257, 35, N'https://www.ars-grin.gov/npgs/cgc_reports/sugarcane2007agenda.html', NULL, NULL, NULL, NULL, N'2007 - CGC Sugarcane Agenda')
GO
INSERT [dbo].[crop_germplasm_committee_document] ([crop_germplasm_committee_document_id], [crop_germplasm_committee_id], [url], [created_date], [created_by], [modified_date], [modified_by], [title]) VALUES (258, 36, N'https://www.ars-grin.gov/npgs/cgc_reports/sunflower19thmtg.pdf', NULL, NULL, NULL, NULL, N'2007 - Sunflower CGC Minutes')
GO
INSERT [dbo].[crop_germplasm_committee_document] ([crop_germplasm_committee_document_id], [crop_germplasm_committee_id], [url], [created_date], [created_by], [modified_date], [modified_by], [title]) VALUES (259, 36, N'https://www.ars-grin.gov/npgs/cgc_reports/sunflower2012.pdf', NULL, NULL, NULL, NULL, N'2012 - Sunflower CGC Minutes')
GO
INSERT [dbo].[crop_germplasm_committee_document] ([crop_germplasm_committee_document_id], [crop_germplasm_committee_id], [url], [created_date], [created_by], [modified_date], [modified_by], [title]) VALUES (260, 36, N'https://www.ars-grin.gov/npgs/cgc_reports/sunflowerstatus2005.pdf', NULL, NULL, NULL, NULL, N'Report on the Status of the Sunflower Germplasm in the U.S., 2005')
GO
INSERT [dbo].[crop_germplasm_committee_document] ([crop_germplasm_committee_document_id], [crop_germplasm_committee_id], [url], [created_date], [created_by], [modified_date], [modified_by], [title]) VALUES (261, 36, N'https://www.ars-grin.gov/npgs/cgc_reports/sunflreport2007.html', NULL, NULL, NULL, NULL, N'Report on the Status of the Sunflower Germplasm in the U.S., 2007')
GO
INSERT [dbo].[crop_germplasm_committee_document] ([crop_germplasm_committee_document_id], [crop_germplasm_committee_id], [url], [created_date], [created_by], [modified_date], [modified_by], [title]) VALUES (262, 39, N'https://www.ars-grin.gov/npgs/cgc_reports/tomato_cgc_evaluation_priorities_2018.xlsx', NULL, NULL, NULL, NULL, N'2018 - Tomato Evaluation Priorities')
GO
INSERT [dbo].[crop_germplasm_committee_document] ([crop_germplasm_committee_document_id], [crop_germplasm_committee_id], [url], [created_date], [created_by], [modified_date], [modified_by], [title]) VALUES (263, 39, N'https://www.ars-grin.gov/npgs/cgc_reports/tomato_minutes_2018.pdf', NULL, NULL, NULL, NULL, N'2018 - Tomato CGC Minutes')
GO
INSERT [dbo].[crop_germplasm_committee_document] ([crop_germplasm_committee_document_id], [crop_germplasm_committee_id], [url], [created_date], [created_by], [modified_date], [modified_by], [title]) VALUES (264, 39, N'https://www.ars-grin.gov/npgs/cgc_reports/tomato2011min.doc', NULL, NULL, NULL, NULL, N'2011 - Tomato CGC Minutes')
GO
INSERT [dbo].[crop_germplasm_committee_document] ([crop_germplasm_committee_document_id], [crop_germplasm_committee_id], [url], [created_date], [created_by], [modified_date], [modified_by], [title]) VALUES (265, 39, N'https://www.ars-grin.gov/npgs/cgc_reports/tomato2011priority.doc', NULL, NULL, NULL, NULL, N'2011 - Tomato Evaluation Priorities')
GO
INSERT [dbo].[crop_germplasm_committee_document] ([crop_germplasm_committee_document_id], [crop_germplasm_committee_id], [url], [created_date], [created_by], [modified_date], [modified_by], [title]) VALUES (266, 39, N'https://www.ars-grin.gov/npgs/cgc_reports/tomato2014min.pdf', NULL, NULL, NULL, NULL, N'2014 - Tomato CGC Minutes')
GO
INSERT [dbo].[crop_germplasm_committee_document] ([crop_germplasm_committee_document_id], [crop_germplasm_committee_id], [url], [created_date], [created_by], [modified_date], [modified_by], [title]) VALUES (267, 39, N'https://www.ars-grin.gov/npgs/cgc_reports/tomato2016min.pdf', NULL, NULL, NULL, NULL, N'2016 - Tomato CGC Minutes')
GO
INSERT [dbo].[crop_germplasm_committee_document] ([crop_germplasm_committee_document_id], [crop_germplasm_committee_id], [url], [created_date], [created_by], [modified_date], [modified_by], [title]) VALUES (268, 39, N'https://www.ars-grin.gov/npgs/cgc_reports/TomatoCGCReport2004.pdf', NULL, NULL, NULL, NULL, N'2004 - Tomato Crop Vulnerability Report')
GO
INSERT [dbo].[crop_germplasm_committee_document] ([crop_germplasm_committee_document_id], [crop_germplasm_committee_id], [url], [created_date], [created_by], [modified_date], [modified_by], [title]) VALUES (269, 41, N'https://www.ars-grin.gov/npgs/cgc_reports/vigna11.doc', NULL, NULL, NULL, NULL, N'2011 - Vigna CGC Minutes')
GO
INSERT [dbo].[crop_germplasm_committee_document] ([crop_germplasm_committee_document_id], [crop_germplasm_committee_id], [url], [created_date], [created_by], [modified_date], [modified_by], [title]) VALUES (270, 41, N'https://www.ars-grin.gov/npgs/cgc_reports/vignacgc2007mins.html', NULL, NULL, NULL, NULL, N'2007 - Vigna CGC Minutes')
GO
INSERT [dbo].[crop_germplasm_committee_document] ([crop_germplasm_committee_document_id], [crop_germplasm_committee_id], [url], [created_date], [created_by], [modified_date], [modified_by], [title]) VALUES (271, 41, N'https://www.ars-grin.gov/npgs/cgc_reports/vignarpt2004.pdf', NULL, NULL, NULL, NULL, N'2004 - Vigna Crop Vulnerability Statement')
GO
INSERT [dbo].[crop_germplasm_committee_document] ([crop_germplasm_committee_document_id], [crop_germplasm_committee_id], [url], [created_date], [created_by], [modified_date], [modified_by], [title]) VALUES (272, 9, N'https://www.ars-grin.gov/npgs/cgc_reports/watermel.pdf', NULL, NULL, NULL, NULL, N'1996 - Watermelon Crop Vulnerability Statement')
GO
INSERT [dbo].[crop_germplasm_committee_document] ([crop_germplasm_committee_document_id], [crop_germplasm_committee_id], [url], [created_date], [created_by], [modified_date], [modified_by], [title]) VALUES (273, 43, N'https://www.ars-grin.gov/npgs/cgc_reports/wlpcgc2005.html', NULL, NULL, NULL, NULL, N'2005 - Woody Landscape Plants CGC Minutes')
GO
INSERT [dbo].[crop_germplasm_committee_document] ([crop_germplasm_committee_document_id], [crop_germplasm_committee_id], [url], [created_date], [created_by], [modified_date], [modified_by], [title]) VALUES (274, 43, N'https://www.ars-grin.gov/npgs/cgc_reports/wlpcgc2007mins.html', NULL, NULL, NULL, NULL, N'2007 - Woody Landscape Plants CGC Minutes')
GO
INSERT [dbo].[crop_germplasm_committee_document] ([crop_germplasm_committee_document_id], [crop_germplasm_committee_id], [url], [created_date], [created_by], [modified_date], [modified_by], [title]) VALUES (275, 43, N'https://www.ars-grin.gov/npgs/cgc_reports/wlpcgcmin2006.pdf', NULL, NULL, NULL, NULL, N'2006 - Woody Landscape Plants CGC Minutes')
GO
INSERT [dbo].[crop_germplasm_committee_document] ([crop_germplasm_committee_document_id], [crop_germplasm_committee_id], [url], [created_date], [created_by], [modified_date], [modified_by], [title]) VALUES (276, 43, N'https://www.ars-grin.gov/npgs/cgc_reports/wlpcgcmin2010.pdf', NULL, NULL, NULL, NULL, N'2010 - Woody Landscape Plants CGC Minutes')
GO
INSERT [dbo].[crop_germplasm_committee_document] ([crop_germplasm_committee_document_id], [crop_germplasm_committee_id], [url], [created_date], [created_by], [modified_date], [modified_by], [title]) VALUES (277, 43, N'https://www.ars-grin.gov/npgs/cgc_reports/wlpcgcmin2012.pdf', NULL, NULL, NULL, NULL, N'2012 - Woody Landscape Plants CGC Minutes')
GO
INSERT [dbo].[crop_germplasm_committee_document] ([crop_germplasm_committee_document_id], [crop_germplasm_committee_id], [url], [created_date], [created_by], [modified_date], [modified_by], [title]) VALUES (278, 43, N'https://www.ars-grin.gov/npgs/cgc_reports/wlpcgcmin2015.docx', NULL, NULL, NULL, NULL, N'2015 - Woody Landscape Plants CGC Minutes')
GO
INSERT [dbo].[crop_germplasm_committee_document] ([crop_germplasm_committee_document_id], [crop_germplasm_committee_id], [url], [created_date], [created_by], [modified_date], [modified_by], [title]) VALUES (279, 43, N'https://www.ars-grin.gov/npgs/cgc_reports/woody.htm', NULL, NULL, NULL, NULL, N'2002 - Woody Landscape Plants Vulnerability Statement')
GO
INSERT [dbo].[crop_germplasm_committee_document] ([crop_germplasm_committee_document_id], [crop_germplasm_committee_id], [url], [created_date], [created_by], [modified_date], [modified_by], [title]) VALUES (280, 43, N'https://www.ars-grin.gov/npgs/cgc_reports/woody_CGC_minutes_2018.docx', NULL, NULL, NULL, NULL, N'2018 - Woody Landscape Plants CGC Minutes')
GO
INSERT [dbo].[crop_germplasm_committee_document] ([crop_germplasm_committee_document_id], [crop_germplasm_committee_id], [url], [created_date], [created_by], [modified_date], [modified_by], [title]) VALUES (281, 43, N'https://www.ars-grin.gov/npgs/cgc_reports/woody08.doc', NULL, NULL, NULL, NULL, N'2008 - Woody Landscape Plants CGC Minutes')
GO
INSERT [dbo].[crop_germplasm_committee_document] ([crop_germplasm_committee_document_id], [crop_germplasm_committee_id], [url], [created_date], [created_by], [modified_date], [modified_by], [title]) VALUES (282, 43, N'https://www.ars-grin.gov/npgs/cgc_reports/woodymin09.doc', NULL, NULL, NULL, NULL, N'2009 - Woody Landscape Plants CGC Minutes')
GO
INSERT [dbo].[crop_germplasm_committee_document] ([crop_germplasm_committee_document_id], [crop_germplasm_committee_id], [url], [created_date], [created_by], [modified_date], [modified_by], [title]) VALUES (283, 24, N'https://www.ars-grin.gov/npgs/cgc_reports/2016_PCGC_Minutes.docx', CAST(N'2019-11-05T12:30:12.6866667' AS DateTime2), 174697, CAST(N'2019-11-05T12:30:12.6866667' AS DateTime2), 174697, N'2016 - Phaseolus GCG Minutes')
GO
INSERT [dbo].[crop_germplasm_committee_document] ([crop_germplasm_committee_document_id], [crop_germplasm_committee_id], [url], [created_date], [created_by], [modified_date], [modified_by], [title]) VALUES (284, 24, N'https://www.ars-grin.gov/npgs/cgc_reports/2017_PCGC_Minutes.docx', CAST(N'2019-11-05T12:30:59.1666667' AS DateTime2), 174697, CAST(N'2019-11-05T12:30:59.1666667' AS DateTime2), 174697, N'2017 - Phaseolus GCG Minutes')
GO
INSERT [dbo].[crop_germplasm_committee_document] ([crop_germplasm_committee_document_id], [crop_germplasm_committee_id], [url], [created_date], [created_by], [modified_date], [modified_by], [title]) VALUES (285, 24, N'https://www.ars-grin.gov/npgs/cgc_reports/2018_PCGC_Minutes.docx', CAST(N'2019-11-05T12:30:59.1833333' AS DateTime2), 174697, CAST(N'2019-11-05T12:30:59.1833333' AS DateTime2), 174697, N'2018 - Phaseolus GCG Minutes')
GO
INSERT [dbo].[crop_germplasm_committee_document] ([crop_germplasm_committee_document_id], [crop_germplasm_committee_id], [url], [created_date], [created_by], [modified_date], [modified_by], [title]) VALUES (286, 30, N'https://www.ars-grin.gov/npgs/cgc_reports/Strawberry_Vulnerability_Statement_2018.docx', CAST(N'2020-02-05T11:14:10.2166667' AS DateTime2), NULL, CAST(N'2020-02-05T11:14:10.2166667' AS DateTime2), NULL, N'2018 Strawberry Crop Vulnerability Statement')
GO
INSERT [dbo].[crop_germplasm_committee_document] ([crop_germplasm_committee_document_id], [crop_germplasm_committee_id], [url], [created_date], [created_by], [modified_date], [modified_by], [title]) VALUES (288, 0, N'http://localhost:1171/npgs/cgc_reports/GENESYS_Export_Accessions_2020.08.13.xlsx', CAST(N'2020-09-05T02:31:46.3466667' AS DateTime2), 48, CAST(N'2020-09-05T02:31:46.3466667' AS DateTime2), NULL, N'CGC File New')
GO
INSERT [dbo].[crop_germplasm_committee_document] ([crop_germplasm_committee_document_id], [crop_germplasm_committee_id], [url], [created_date], [created_by], [modified_date], [modified_by], [title]) VALUES (289, 0, N'http://localhost:1171/npgs/cgc_reports/SQLQuery13.sql', CAST(N'2020-09-05T02:58:23.0700000' AS DateTime2), 48, CAST(N'2020-09-05T02:58:23.0700000' AS DateTime2), NULL, N'NEWEST DOCUMENT')
GO
INSERT [dbo].[crop_germplasm_committee_document] ([crop_germplasm_committee_document_id], [crop_germplasm_committee_id], [url], [created_date], [created_by], [modified_date], [modified_by], [title]) VALUES (290, 0, N'http://localhost:1171/npgs/cgc_reports/GENESYS_Export_Accessions_2020.08.13.zip', CAST(N'2020-09-05T03:00:12.1666667' AS DateTime2), 48, CAST(N'2020-09-05T03:00:12.1666667' AS DateTime2), NULL, N'Test CGC Document ')
GO
INSERT [dbo].[crop_germplasm_committee_document] ([crop_germplasm_committee_document_id], [crop_germplasm_committee_id], [url], [created_date], [created_by], [modified_date], [modified_by], [title]) VALUES (291, 0, N'http://localhost:1171/npgs/cgc_reports/GENESYS_Export_Accessions_PART1_2020.08.18.xlsx', CAST(N'2020-09-05T03:06:29.5300000' AS DateTime2), 48, CAST(N'2020-09-05T03:06:29.5300000' AS DateTime2), NULL, N'TEST')
GO
INSERT [dbo].[crop_germplasm_committee_document] ([crop_germplasm_committee_document_id], [crop_germplasm_committee_id], [url], [created_date], [created_by], [modified_date], [modified_by], [title]) VALUES (292, 0, N'http://localhost:1171/npgs/cgc_reports/GENESYS_Export_Accessions_PART1_2020.08.18.xlsx', CAST(N'2020-09-05T03:11:55.2400000' AS DateTime2), 48, CAST(N'2020-09-05T03:11:55.2400000' AS DateTime2), NULL, N'TEST')
GO
INSERT [dbo].[crop_germplasm_committee_document] ([crop_germplasm_committee_document_id], [crop_germplasm_committee_id], [url], [created_date], [created_by], [modified_date], [modified_by], [title]) VALUES (293, 16, N'http://localhost:1171/npgs/cgc_reports/GENESYS_Export_Accessions_PART1_2020.08.18.xlsx', CAST(N'2020-09-08T12:26:19.4733333' AS DateTime2), 48, CAST(N'2020-09-08T12:26:19.4733333' AS DateTime2), NULL, N'TEST')
GO
SET IDENTITY_INSERT [dbo].[crop_germplasm_committee_document] OFF
GO
ALTER TABLE [dbo].[crop_germplasm_committee_document] ADD  CONSTRAINT [DF_crop_germplasm_committee_document_created_date]  DEFAULT (getdate()) FOR [created_date]
GO
ALTER TABLE [dbo].[crop_germplasm_committee_document] ADD  CONSTRAINT [DF_crop_germplasm_committee_document_modified_date]  DEFAULT (getdate()) FOR [modified_date]
GO
